#;PSRJ;PMRA;PMDEC;PX;POSEPOCH;Gl;Gb;RAJD;DECJD;P0;P1;DM;W50;W10;TAU_SC;S400;S1400;S2000;Sgamma;DIST;DIST_DM;ZZ;XX;YY;ASSOC;SURVEY;PSR
;;[mas/yr];[mas/yr];[mas];[MJD];[deg];[deg];[deg];[deg];[s];[s/s];[cm^-3pc];[ms];[ms];[s];[mJy];[mJy];[mJy];[erg/cm2 s];[kpc];[kpc];[kpc[;[kpc];[kpc];;;TYPE
1;J0007+7303;NAN;NAN;NAN;54952;119.66;10.463;1.7571;73.0521;0.3158731909;3.6039E-13;NAN;NAN;NAN;NAN;NAN;NAN;NAN;4.006E-10;1.4;NAN;0.254;1.196;9.181;GRS:4FGL_J0007.0+7303[fermi21],XRS:RX_J0007.0+7303[cdm+10],SNR:CTA1[hgc+04];FermiBlind;NRAD
2;J0023+0923;-12.63;-5.8;0.9;56567;111.383;-52.849;5.82032559;9.38996257;0.00305020310448;1.14234E-20;14.3281;NAN;NAN;3.6E-08;2;0.48;NAN;8.01E-12;1.111;1.248;-0.886;0.625;8.745;GRS:4FGL_J0023.4+0920[fermi21],OPT:[bvr+13];FermiAssoc;HE
3;J0030+0451;-6.21;0.5;3.08;55390;113.141;-57.611;7.61428258;4.8610309;0.004865453211255;1.01743E-20;4.33991;NAN;NAN;NAN;7.9;0.6;NAN;6.135E-11;0.325;0.345;-0.274;0.16;8.568;GRS:4FGL_J0030.4+0451[fermi21];misc,lotaas;HE[btlb00,aaa+09e]
4;J0034-0534;7.9;-9.2;NAN;55000;111.492;-68.069;8.5909759;-5.5768672;0.001877181884585;4.966E-21;13.76517;0.65;0.98;1.518E-07;24;0.61;NAN;1.625E-11;1.348;1.348;-1.25;0.468;8.684;GRS:4FGL_J0034.3-0534[fermi21];pks70;HE[aaa+10b]
5;J0101-6422;10;-12;NAN;55520;301.192;-52.72;15.2963179;-64.3750475;0.002573151972168;5.16E-21;11.926;NAN;NAN;NAN;NAN;0.28;NAN;1.047E-11;1.002;1.002;-0.797;-0.519;8.186;GRS:4FGL_J0101.1-6422[fermi21],XRS:[pb15];FermiAssoc;HE
6;J0102+4839;NAN;NAN;NAN;55196;124.874;-14.167;15.711117;48.661878;0.00296;1.17E-20;53.5;NAN;NAN;NAN;0.5;NAN;NAN;1.321E-11;2.31;2.31;-0.565;1.838;9.781;GRS:4FGL_J0102.8+4839[fermi21];FermiAssoc;HE
7;J0106+4855;NAN;NAN;NAN;55225;125.465;-13.867;16.60442;48.93106;0.083157305005;4.2792E-16;70.87;NAN;NAN;NAN;NAN;0.008;NAN;1.93E-11;3.063;3.063;-0.734;2.422;10.225;GRS:4FGL_J0106.4+4855[fermi21];FermiBlind;HE
8;J0205+6449;-1.4;0.54;NAN;55487;130.719;3.084;31.4080103;64.8281484;0.06571592849324;1.93754256E-13;140.7;2.3;NAN;NAN;NAN;0.045;NAN;5.358E-11;3.2;2.784;0.172;2.422;10.585;GRS:4FGL_J0205.7+6449[fermi21],SNR:PWN:3C58;misc;HE
9;J0218+4232;5.35;-3.74;0.16;55849.1;139.508;-17.527;34.526494038;42.53815976;0.002323090531512;7.73955E-20;61.252;1.01;NAN;NAN;47;0.9;NAN;4.56E-11;3.15;2.928;-0.949;1.95;10.784;GRS:4FGL_J0218.1+4232[fermi21];misc,gbncc;HE[khvb98,aaa+09f]
10;J0248+6021;48;48;NAN;54000;136.903;0.697;42.077571;60.359644;0.217094;5.509E-14;370;26;14;NAN;NAN;13.7;NAN;5.163E-11;2;25;0.024;1.366;9.96;GRS:4FGL_J0248.4+6021[fermi21];misc;HE[tpc+11]
11;J0340+4130;-0.53;-3.3;0.7;56675;153.783;-11.022;55.09703317;41.51258087;0.003299339366491;7.047E-21;49.5865;NAN;NAN;NAN;2;0.31;NAN;2.036E-11;1.603;1.603;-0.306;0.695;9.912;GRS:4FGL_J0340.3+4130[fermi21];FermiAssoc;HE
12;J0357+3205;117;115;NAN;54946;162.76;-16.006;59.4688;32.0903;0.4441044988;1.3037E-14;NAN;NAN;NAN;NAN;NAN;NAN;NAN;6.419E-11;0.835;NAN;-0.23;0.238;9.267;GRS:4FGL_J0357.8+3204[fermi21];FermiBlind;NRAD
13;J0437-4715;121.4385;-71.4754;6.37;54500;253.394;-41.963;69.316234057;-47.2525307539;0.005757451936713;5.729215E-20;2.64476;0.141;1.02;NAN;550;150.2;NAN;1.669E-11;0.157;0.156;-0.105;-0.112;8.533;GRS:4FGL_J0437.2-4715[fermi21],OPT:[bbm+95];pks70,pkshl;HE[bt93,aaa+09f]
14;J0534+2200;-14.7;2;NAN;40706;184.558;-5.784;83.63322;22.014461;0.0333924123;4.20972E-13;56.77118;3;4.7;0.0001237;550;14;NAN;1.293E-09;2;1.311;-0.202;-0.158;10.484;GRS:4FGL_J0534.5+2200[fermi21],SNR:PWN:Crab[ccl+69],GRS:HESS_J0534+220[aab+06b];misc,ar4,gb4,lotaas;HE[cdt69,fhm+69,hjm+70]
15;J0610-2100;9.21;16.73;NAN;55000;227.747;-18.184;92.55664776;-21.00775869;0.003861324704299;1.235E-20;60.6662;0.2;1.8;NAN;NAN;0.4;NAN;6.57E-12;3.259;3.259;-1.017;-2.292;10.582;GRS:4FGL_J0610.2-2100[fermi21];pkshl;HE[egc+13]
16;J0613-0200;1.86;-10.34;1.25;55413;210.413;-9.305;93.433232596;-2.01311979;0.003061844040962;9.59057E-21;38.77919;0.462;0.92;7E-08;9.2;2.25;NAN;2.989E-11;0.78;1.024;-0.126;-0.39;9.164;GRS:4FGL_J0613.7-0201[fermi21];pks70;HE
17;J0614-3329;0.58;-1.92;1.1;55100;240.501;-21.827;93.5431158;-33.4983661;0.003148669579439;1.75E-20;37.049;NAN;NAN;NAN;NAN;NAN;NAN;1.094E-10;0.63;2.69;-0.234;-0.509;8.788;GRS:4FGL_J0614.1-3329[fermi21];FermiAssoc;HE
18;J0622+3749;NAN;NAN;NAN;55225;175.877;10.958;95.54379;37.8204;0.333208231801;2.54237E-14;NAN;NAN;NAN;NAN;NAN;NAN;NAN;1.448E-11;NAN;NAN;0;0;8.5;GRS:4FGL_J0622.2+3749[fermi21];FermiBlind;NRAD
19;J0631+1036;NAN;NAN;NAN;53850;201.219;0.45;97.864683;10.61736;0.287800021959;1.046741E-13;125.36;6.5;NAN;NAN;1.5;0.9;NAN;4.653E-11;2.105;2.105;0.017;-0.762;10.462;GRS:4FGL_J0631.5+1036[fermi21];misc,ar4,palfa;HE[tsn+01,waa+10]
20;J0633+0632;NAN;NAN;NAN;54945;205.093;-0.932;98.43421;6.543;0.29739519058;7.9592E-14;NAN;NAN;NAN;NAN;NAN;NAN;NAN;9.417E-11;1.355;NAN;-0.022;-0.575;9.727;GRS:4FGL_J0633.7+0632[fermi21],XRS:Swift_J063343.8+063223(?),SNR:G205.5+0.5(?)[rkp+11];FermiBlind;NRAD
21;J0633+1746;138;97;6.4;49793;195.134;4.266;98.475637;17.770252;0.2370994416923;1.097087E-14;2.89;NAN;NAN;NAN;NAN;NAN;NAN;4.233E-09;0.19;0.138;0.014;-0.049;8.683;GRS:4FGL_J0633.9+1746[fermi21],XRS:1E0630+178;misc;HE
22;J0659+1414;44.07;-2.4;3.47;57600;201.108;8.258;104.950817;14.23872;0.384928623365;5.494123E-14;13.94;14.6;30;2.9E-09;6.5;2.7;NAN;2.508E-11;0.288;0.159;0.041;-0.103;8.766;GRS:4FGL_J0659.7+1416[fermi21],SNR:Monogem_Ring[tbb+03];mol2,lotaas;HE[chmm89,rfk+96,srg+97,waa+10]
23;J0729-1448;NAN;NAN;NAN;51367;230.392;1.424;112.31854;-14.8102;0.251658714181;1.132879E-13;91.7;8.4;22;NAN;NAN;0.83;NAN;NAN;2.679;2.679;0.067;-2.063;10.207;GRS:4FGL_0729.3-1445[fermi21];pksmb,FermiAssoc;HE[mhl+02,fermi21]
24;J0734-1559;NAN;NAN;NAN;55000;232.062;2.016;113.690396;-15.9884;0.15625;1.22E-14;NAN;NAN;NAN;NAN;NAN;NAN;NAN;5.559E-11;NAN;NAN;0;0;8.5;GRS:4FGL_J0734.7-1559[fermi21];FermiBlind;NRAD
25;J0742-2822;-29;4;NAN;49326;243.773;-2.444;115.704408;-28.378822;0.166762291572;1.682112E-14;73.728;4.2;8.3;1.606E-05;296;26;NAN;1.734E-11;2;3.114;-0.085;-1.792;9.383;GRS:4FGL_J0742.8-2822[fermi21];misc,mol2,pks70,pksmb,pkshl,htru_pks;HE
26;J0751+1807;-2.73;-13.4;0.82;55000;202.73;21.086;117.78814721;18.1273573;0.003478770839279;7.7874E-21;30.246;0.7;NAN;NAN;10;3.2;NAN;1.325E-11;1.11;0.428;0.399;-0.4;9.455;GRS:4FGL_J0751.2+1808[fermi21];misc;HE[wob+04,aaa+09f]
27;J0835-4510;-49.68;29.9;3.5;51544;263.552;-2.787;128.83588121;-45.17635419;0.089328385024;1.25008E-13;67.97;1.4;4.5;6.186E-05;5000;1050;NAN;9.064E-09;0.28;0.328;-0.014;-0.278;8.531;GRS:4FGL_J0835.3-4510[fermi21],SNR:Vela,GRS:HESS_J0835-455[aab+06c];mol1,mol2,pks70,pksmb,htru_pks;HE[hg73,tfko75]
28;J0908-4913;NAN;NAN;NAN;57600;270.265;-1.019;137.14775;-49.218056;0.1067690369961;1.510247E-14;180.37;0.9;56;8.004E-05;28;20;NAN;4.432E-11;1;1.023;-0.018;-1;8.495;GRS:4FGL_J0908.7-4911[fermi21];misc,pks1,pks70,pksmb,htru_pks,FermiAssoc;HE[dmd+88,fermi21]
29;J0940-5428;NAN;NAN;NAN;51091;277.51;-1.292;145.24258;-54.47794;0.087545204308;3.28683E-14;134.55;2.6;12;NAN;NAN;0.66;NAN;NAN;0.377;0.377;-0.009;-0.374;8.451;GRS:4FGL_J0941.1-5429[fermi21];pksmb,FermiAssoc;HE[mlc+01,fermi21]
30;J1016-5857;NAN;NAN;NAN;52717;284.079;-1.88;154.08817;-58.95336;0.1073864584588;8.08342E-14;394.48;2.9;NAN;NAN;NAN;0.9;NAN;5.444E-11;3.163;3.163;-0.104;-3.066;7.731;GRS:4FGL_J1016.3-5857[fermi21],SNR:G284.3-1.8(?);pksmb,htru_pks;NAN
31;J1019-5749;NAN;NAN;NAN;51371;283.837;-0.679;154.96725;-57.81831;0.162498709997;2.0077E-14;1040;56.2;NAN;NAN;NAN;3.8;NAN;NAN;10.913;10.913;-0.129;-10.596;5.89;GRS:4FGL_J1019.8-5749[fermi21];pksmb,htru_pks,FermiAssoc;HE[kbm+03,fermi21]
32;J1023-5746;NAN;NAN;NAN;54856;284.166;-0.407;155.762;-57.7681;0.11147243434;3.837491E-13;NAN;NAN;NAN;NAN;NAN;NAN;NAN;1.949E-10;2.08;NAN;-0.015;-2.017;7.991;GRS:4FGL_J1023.0-5745[fermi21],GRS:HESS_J1023-575,XRS:CXOU_J102302.8-574606;FermiBlind;NRAD
33;J1024-0719;-35.3;-48.23;0.77;56239;251.702;40.515;156.1611138;-7.32210973;0.00516220456226;1.85558E-20;6.4778;0.521;1.51;NAN;4.6;2.3;NAN;3.18E-12;1.22;0.381;0.793;-0.881;8.791;GRS:4FGL_J1024.5-0719[fermi21],OPT:2MASS_10243869-0719190[kkn+16];pks70,pkshl;HE[egc+13]
34;J1028-5819;NAN;NAN;NAN;54562;285.065;-0.496;157.1167;-58.3181;0.0914032309;1.61E-14;96.525;0.1;NAN;NAN;NAN;0.24;0.52;2.426E-10;1.423;1.423;-0.012;-1.374;8.13;GRS:4FGL_J1028.5-5819[fermi21];misc,htru_pks;HE[aaa+09]
35;J1044-5737;NAN;NAN;NAN;54800;286.574;1.163;161.1367;-57.622;0.1390288911;5.4628E-14;NAN;NAN;NAN;NAN;NAN;NAN;NAN;1.56E-10;1.895;NAN;0.038;-1.816;7.96;GRS:4FGL_J1044.4-5737[fermi21],GRS:1AGL_J,XRS:[pb15];FermiBlind;NRAD
36;J1048-5832;NAN;NAN;NAN;57600;287.427;0.577;162.05438;-58.53506;0.123725343351;9.61217E-14;128.679;4.8;9.7;NAN;NAN;9.1;NAN;1.958E-10;2.9;1.79;0.029;-2.767;7.632;GRS:4FGL_J1048.2-5832[fermi21];pks1,pksmb,htru_pks;HE[klm+00,aaa+09i]
37;J1057-5226;42;-3;NAN;57600;285.984;6.649;164.496021;-52.448981;0.1971146895745;5.8387E-15;29.69;88.7;17;NAN;80;4.4;NAN;2.952E-10;0.093;0.093;0.011;-0.089;8.475;GRS:4FGL_J1057.9-5227[fermi21],XRS:[of93],OPT:[mpk10];mol1,mol2,pks70,pkssw,htru_pks;HE[aaa+10m]
38;J1105-6107;NAN;NAN;NAN;57600;290.489;-0.846;166.35892;-61.130261;0.0632021309179;1.584462E-14;271.24;2.8;10;NAN;NAN;1.2;NAN;4.89E-11;2.36;2.36;-0.035;-2.21;7.674;GRS:4FGL_J1105.4-6108[fermi21],XRS:PWN[gk98];misc,pksmb,htru_pks;NAN
39;J1112-6103;NAN;NAN;NAN;51055;291.221;-0.462;168.06171;-61.05864;0.064961851894;3.14596E-14;599.1;11.3;NAN;NAN;NAN;2.3;NAN;2.034E-11;4.5;4.5;-0.036;-4.195;6.871;GRS:4FGL_J1112.1-6108[fermi21],XRS:[pb15];pksmb,htru_pks;NAN
40;J1119-6127;NAN;NAN;NAN;52109.85;292.151;-0.537;169.80958;-61.46375;0.40796298356;4.02022E-12;704.8;21.5;48;NAN;NAN;1.09;NAN;7.148E-11;8.4;6.398;-0.079;-7.78;5.333;GRS:4FGL_J1119.1-6127[fermi21],SNR:G292.2-0.5[cgk+01];pksmb,htru_pks;HE[gkc+07]
41;J1124-3653;NAN;NAN;NAN;55196;284.094;22.765;171.00465;-36.888639;0.00241;5.75E-21;44.9;NAN;NAN;NAN;0.3;NAN;NAN;1.212E-11;0.99;0.99;0.383;-0.885;8.278;GRS:4FGL_J1124.0-3653[fermi21];FermiAssoc;HE
42;J1124-5916;NAN;NAN;NAN;54683.28;292.038;1.752;171.1625;-59.2719;0.13547685441;7.52566E-13;330;NAN;NAN;NAN;NAN;0.08;NAN;6.168E-11;5;2.678;0.153;-4.633;6.625;GRS:4FGL_J1124.7-5915[fermi21],SNR:G292.0+1.8;misc;HE[hsp+03]
43;J1125-5825;-10;2.4;NAN;55126.3;291.893;2.602;171.4348568;-58.4213555;0.003102213918934;6.0899E-20;124.7946;0.31;1.72;NAN;NAN;0.86;NAN;8.9E-12;1.744;1.744;0.079;-1.617;7.85;GRS:4FGL_J1125.6-5825[fermi21];htru_pks;HE
44;J1135-6055;NAN;NAN;NAN;55000;293.794;0.584;173.784896;-60.9268;0.114943;7.93E-14;NAN;NAN;NAN;NAN;NAN;NAN;NAN;4.791E-11;NAN;NAN;0;0;8.5;GRS:4FGL_J1135.2-6055[fermi21];FermiBlind;NRAD
45;J1231-1411;-62.03;6.2;NAN;55100;295.531;48.385;187.797138;-14.195453;0.003683878711077;2.28E-20;8.09;NAN;NAN;NAN;NAN;NAN;NAN;1.028E-10;0.42;0.42;0.314;-0.252;8.38;GRS:4FGL_J1231.1-1412[fermi21];FermiAssoc;HE
46;J1357-6429;NAN;NAN;NAN;52921;309.923;-2.514;209.26012;-64.49172;0.166108327507;3.601843E-13;128.5;15;31;NAN;NAN;0.52;NAN;3.388E-11;3.1;3.1;-0.136;-2.375;6.512;GRS:4FGL_J1356.9-6432[fermi21],XRS:PWN[zav07];pksmb,htru_pks;HE[lzg+11]
47;J1410-6132;NAN;NAN;NAN;54357.3;312.195;-0.092;212.598296;-61.535597;0.0500519462;3.2E-14;961;17;NAN;NAN;NAN;1.9;NAN;2.63E-11;13.51;13.51;-0.022;-10.009;-0.574;GRS:4FGL_J1411.5-6133[fermi21];htru_pks,FermiAssoc;HE[ojk+08,fermi21]
48;J1413-6205;NAN;NAN;NAN;54800;312.373;-0.736;213.3746;-62.0939;0.10974069969;2.768E-14;NAN;NAN;NAN;NAN;NAN;NAN;NAN;1.574E-10;2.15;NAN;-0.028;-1.588;7.051;GRS:4FGL_J1413.5-6205[fermi21],GRS:1AGL_J1412-6149;FermiBlind;NRAD
49;J1418-6058;NAN;NAN;NAN;54944;313.325;0.135;214.6779;-60.9636;0.11057301169;1.69394E-13;NAN;NAN;NAN;NAN;NAN;NAN;NAN;3.017E-10;1.885;NAN;0.004;-1.371;7.207;GRS:4FGL_J1418.7-6057[fermi21],GRS:HESS_J1418-609[aab+06d],PWN:G313.3+0.1(?)[nrr05];FermiBlind;NRAD
50;J1420-6048;NAN;NAN;NAN;51600;313.541;0.227;215.03432;-60.80456;0.06817987659;8.3167E-14;360.15;8.5;16;NAN;NAN;1.19;NAN;1.698E-10;5.632;5.632;0.022;-4.082;4.62;GRS:4FGL_J1420.0-6048[fermi21],GRS:HESS_J1420-607[aab+06d];pksmb,htru_pks;HE[rrj01,waa+10]
51;J1429-5911;NAN;NAN;NAN;54800;315.261;1.299;217.4942;-59.1935;0.11584261008;3.05E-14;NAN;NAN;NAN;NAN;NAN;NAN;NAN;8.046E-11;1.955;NAN;0.044;-1.376;7.112;GRS:4FGL_J1429.9-5911[fermi21];FermiBlind;NRAD
52;J1446-4701;-4;-2;NAN;55647.8;322.5;11.425;221.64880796;-47.02410208;0.00219469577985;9.8102E-21;55.83202;0.1;0.29;NAN;NAN;0.46;NAN;7.43E-12;1.569;1.569;0.311;-0.936;7.28;GRS:4FGL_J1446.6-4701[fermi21];htru_pks;HE
53;J1459-6053;NAN;NAN;NAN;54935;317.886;-1.791;224.875;-60.88908;0.103150638274;2.52704E-14;NAN;NAN;NAN;NAN;NAN;NAN;NAN;1.292E-10;1.84;NAN;-0.058;-1.233;7.136;GRS:4FGL_J1459.5-6053[fermi21];FermiBlind;NRAD
54;J1509-5850;NAN;NAN;NAN;55378;319.972;-0.621;227.36315;-58.84889;0.088924862943;9.16633E-15;142.1;5.5;NAN;NAN;NAN;0.21;NAN;1.273E-10;3.372;3.372;-0.037;-2.169;5.918;GRS:4FGL_J1509.4-5850[fermi21],XRS:PWN[hb07c];pksmb;HE[waa+10]
55;J1513-5908;NAN;NAN;NAN;55336;320.321;-1.162;228.48255;-59.136;0.151581943393;1.52868976E-12;252.5;14.5;40;NAN;1.5;1.43;NAN;3.243E-11;4.4;4.45;-0.089;-2.809;5.114;SNR:G320.4-1.2,GRS:AGILE[ppp+09];misc,pksmb,htru_pks;HE[umw+93,ppp+09]
56;J1514-4946;-0.3;-30;NAN;55520;325.249;6.807;228.5796421;-49.7709767;0.003589336679675;1.8646E-20;31.05;NAN;NAN;NAN;NAN;0.17;NAN;4.5E-11;0.909;0.909;0.108;-0.514;7.758;GRS:4FGL_J1514.3-4946[fermi21];FermiAssoc;HE
57;J1531-5610;NAN;NAN;NAN;55304;323.897;0.033;232.86625;-56.18204;0.084206064052;1.379389E-14;110.41;4.9;11;NAN;NAN;0.87;NAN;1.94E-12;2.841;2.841;0.002;-1.674;6.205;GRS:4FGL_J1531.5-5612[fermi21];pksmb,htru_pks,FermiAssoc;HE[kbm+03,fermi21]
58;J1600-3053;-0.986;-7.11;0.5;55885;344.09;16.451;240.216262747;-30.89705476;0.003597928455005;9.50006E-21;52.3299;0.094;0.42;NAN;NAN;2.44;NAN;5.3E-12;2;2.535;0.566;-0.526;6.655;GRS:4FGL_J1600.9-3054[fermi21],XRS:[pb15];pkssw;HE[egc+13]
59;J1614-2230;3.81;-32.5;1.5;56047;352.636;20.192;243.65211392;-22.5086863;0.003150807655461;9.62419E-21;34.9179;NAN;NAN;NAN;NAN;0.7;NAN;2.436E-11;0.7;1.431;0.242;-0.084;7.848;GRS:4FGL_J1614.5-2230[fermi21],OPT:[bk11];misc;HE[aaa+09f]
60;J1620-4927;NAN;NAN;NAN;55225;333.888;0.408;245.173;-49.46031;0.1719346524466;1.04879E-14;NAN;NAN;NAN;NAN;NAN;NAN;NAN;1.567E-10;NAN;NAN;0;0;8.5;GRS:4FGL_J1620.7-4927[fermi21];FermiBlind;NRAD
61;J1648-4611;NAN;NAN;NAN;55395;339.438;-0.794;252.09185;-46.18771;0.164957688311;2.37335E-14;392.3;10.9;NAN;NAN;NAN;0.61;NAN;5.436E-11;4.468;4.468;-0.062;-1.569;4.317;GRS:4FGL_J1648.4-4611[fermi21];pksmb,htru_pks;NAN
62;J1658-5324;0.2;4.9;NAN;55520;334.869;-6.625;254.6639316;-53.4019453;0.002439295909796;1.1154E-20;30.81;NAN;NAN;NAN;NAN;0.7;NAN;2.893E-11;0.88;0.88;-0.102;-0.371;7.709;GRS:4FGL_J1658.6-5323[fermi21],XRS:[pb15];FermiAssoc;HE
63;J1702-4128;NAN;NAN;NAN;51530;344.744;0.123;255.71883;-41.48006;0.182135802939;5.23448E-14;367.1;10;43;NAN;NAN;1.17;NAN;2.84E-11;3.971;3.971;0.008;-1.045;4.669;GRS:4FGL_J1702.9-4131[fermi21];pksmb,htru_pks,FermiAssoc;HE[kbm+03,fermi21]
64;J1709-4429;NAN;NAN;NAN;50042;343.098;-2.686;257.428033;-44.485622;0.102459245929;9.298454E-14;75.68;5.7;13;NAN;25;12.1;NAN;1.347E-09;2.6;2.275;-0.122;-0.755;6.015;GRS:4FGL_J1709.7-4429[fermi21],SNR:G343.1-2.3(?)[mop93],GRS:HESS_J1708-443[hok+09];pks1,pks70,pksmb,htru_pks;HE[ghd02,aaa+10m]
65;J1713+0747;4.915;-3.914;0.87;53729;28.751;25.223;258.456383442;7.793751708;0.004570136526357;8.52961E-21;15.917;0.11;0.39;4.2E-08;6.8;9.1;NAN;1.017E-11;1.149;0.915;0.49;0.5;7.588;GRS:4FGL_J1713.8+0747[fermi21];ar4,pkssw;HE[egc+13]
66;J1718-3825;NAN;NAN;NAN;51184;348.951;-0.432;259.556521;-38.42168;0.0746699205656;1.322167E-14;247.46;1.6;14;NAN;NAN;1.7;NAN;8.887E-11;3.488;3.488;-0.026;-0.668;5.077;GRS:4FGL_J1718.2-3825[fermi21],GRS:HESS_J1718-385[aab+07];pksmb,htru_pks;HE[waa+10]
67;J1730-3350;NAN;NAN;NAN;50198;354.133;0.09;262.63566;-33.8443;0.13946021125;8.482941E-14;261.29;7.1;22;0.00355;9.2;4.3;NAN;2.36E-11;3.488;3.488;0.005;-0.357;5.03;GRS:4FGL_J1730.5-3352[fermi21];pks1,pksmb,htru_pks,FermiAssoc;HE[jlm+92,fermi21]
68;J1732-3131;NAN;NAN;NAN;54933;356.307;1.007;263.13975;-31.5231;0.196543154965;2.80483E-14;15.44;NAN;NAN;NAN;NAN;NAN;NAN;1.942E-10;0.64;0.64;0.011;-0.041;7.861;GRS:4FGL_J1732.5-3131[fermi21];FermiBlind;HE
69;J1741+1351;-8.98;-7.41;0.93;56209;37.885;21.641;265.379769744;13.862254413;0.00374715450026;3.021648E-20;24.19871;0.16;0.32;NAN;NAN;0.93;NAN;0.00000000000241;1.075;1.362;0.397;0.614;7.711;GRS:4FGL_J1741.4+1354[fermi21],OPT:[zkk+19];pkssw;HE[egc+13]
70;J1741-2054;-63;-89;NAN;54933;6.425;4.909;265.488492;-20.8992;0.41370012084;1.6983E-14;4.7;NAN;NAN;NAN;NAN;0.16;0.09;1.165E-10;0.3;0.273;0.026;0.033;8.203;GRS:4FGL_J1741.9-2054[fermi21],XRS:Swift_J174157.6-205411[crr+09],PWN:[rsc+10];FermiBlind;HE
71;J1744-1134;18.79;-9.4;2.53;54500;14.794;9.18;266.122524121;-11.58185591;0.004074545941439;8.93471E-21;3.13695;0.137;0.25;NAN;18;3.2;NAN;3.25E-11;0.395;0.148;0.063;0.1;8.123;GRS:4FGL_J1744.4-1135[fermi21];pks70,pkssw,htru_pks;HE[aaa+09f]
72;J1746-3239;NAN;NAN;NAN;55225;356.957;-2.175;266.72895;-32.6655;0.1995413598713;6.56093E-15;NAN;NAN;NAN;NAN;NAN;NAN;NAN;7.231E-11;NAN;NAN;0;0;8.5;GRS:4FGL_J1746.8-3239[fermi21];FermiBlind;NRAD
73;J1747-2958;12.9;NAN;NAN;52613;359.305;-0.841;266.81618;-29.96694;0.0988139764825;6.132329E-14;101.5;7;NAN;NAN;NAN;0.25;NAN;2.111E-10;2.52;2.52;-0.037;-0.031;5.98;GRS:4FGL_J1747.2-2957[fermi21],PWN:G359.23-0.82[gvc+04],GRS:1AGL_J1746-3017;misc;NAN
74;J1747-4036;-1.3;-2;NAN;56676;350.208;-6.412;266.95298545;-40.6152193;0.001645609614493;1.3142E-20;152.9595;NAN;NAN;NAN;NAN;0.9;0.5;9.91E-12;7.151;7.151;-0.799;-1.209;1.497;GRS:4FGL_J1747.7-4037[fermi21];FermiAssoc;HE
75;J1801-2451;-11;-1;NAN;53348;5.254;-0.882;270.25007;-24.85764;0.124924206569;1.279057E-13;291.55;4.6;NAN;NAN;7.8;1.46;NAN;1.2E-11;3.803;3.803;-0.059;0.348;4.713;GRS:4FGL_J1801.2-2450[fermi21],SNR:G5.4-1.2[fk91],XRS:PWN[kggl01];misc,pksmb,htru_pks;NAN
76;J1803-2149;NAN;NAN;NAN;55225;8.14;0.187;270.79013;-21.8203;0.106332094095;1.951385E-14;NAN;NAN;NAN;NAN;NAN;NAN;NAN;9.236E-11;NAN;NAN;0;0;8.5;GRS:4FGL_J1803.1-2148[fermi21];FermiBlind;NRAD
77;J1809-2332;12;-24;NAN;55770;7.39;-1.995;272.45937;-23.53963;0.146788548116;3.44207E-14;NAN;NAN;NAN;NAN;NAN;NAN;NAN;4.739E-10;0.88;NAN;-0.031;0.113;7.628;GRS:4FGL_J1809.8-2332[fermi21],PWN:[brrk02],SNR:G7.5-1.7[rb08];FermiBlind;NRAD
78;J1810+1744;NAN;NAN;NAN;55196;44.642;16.806;272.65533;17.743717;0.00166;4.63E-21;39.7;NAN;NAN;NAN;20;NAN;NAN;2.343E-11;2.361;2.361;0.683;1.588;6.892;GRS:4FGL_J1810.5+1744[fermi21],OPT:[bvr+13];FermiAssoc;HE
79;J1813-1246;NAN;NAN;NAN;54954;17.244;2.445;273.34904;-12.7664;0.048072246759;1.75637E-14;NAN;NAN;NAN;NAN;NAN;NAN;NAN;2.527E-10;2.635;NAN;0.112;0.78;5.986;GRS:4FGL_J1813.4-1246[fermi21],XRS:Swift_J181324-124600;FermiBlind;NRAD
80;J1823-3021A;0.31;-8.2;NAN;55049;2.788;-7.913;275.9186959;-30.361146;0.005440004163273;3.375E-18;86.8797;0.34;0.98;NAN;16;0.72;0.08;1.07E-11;7.9;3.145;-1.088;0.381;0.684;GRS:4FGL_J1823.5-3020[fermi21],GC:NGC6624;misc,pks70,htru_pks;HE[faa+11]
81;J1826-1256;NAN;NAN;NAN;54934;18.556;-0.377;276.53554;-12.9425;0.11022370246;1.2145061E-13;NAN;NAN;NAN;NAN;NAN;NAN;NAN;3.827E-10;1.55;NAN;-0.01;0.493;7.031;GRS:4FGL_J1826.1-1256[fermi21],XRS:AXJ1826.1-1257,PWN:G18.5-0.4(?)[rrk01];FermiBlind;NRAD
82;J1833-1034;NAN;NAN;NAN;54575;21.501;-0.885;278.38988;-10.56875;0.06188365001063;2.02014996E-13;169.5;2.5;NAN;NAN;NAN;0.071;NAN;5.892E-11;4.1;3.355;-0.063;1.503;4.686;GRS:4FGL_J1833.5-1033[fermi21],SNR:G21.5-0.9[gmga05];misc;HE
83;J1835-1106;27;56;NAN;55429;21.222;-1.513;278.8267;-11.1045;0.16591763484;2.05892E-14;132.679;3.9;9.4;7.775E-05;30;2.5;NAN;6.05E-12;3.159;3.159;-0.083;1.143;5.556;NAN;pks70,pksmb,htru_pks;NAN
84;J1836+5925;NAN;NAN;NAN;56338;88.875;24.999;279.05697;59.42504;0.173263836028;1.5016E-15;NAN;NAN;NAN;NAN;NAN;NAN;NAN;6.057E-10;0.3;NAN;0.127;0.272;8.495;GRS:4FGL_J1836.2+5925[fermi21],XRS:RX_J1836.2+5925[hcg07];FermiBlind;XINS,NRAD
85;J1838-0537;NAN;NAN;NAN;55100;26.508;0.209;279.73342;-5.6192;0.1457077402;4.7179E-13;NAN;NAN;NAN;NAN;NAN;NAN;NAN;1.876E-10;NAN;NAN;0;0;8.5;GRS:4FGL_J1838.9-0537[fermi21];FermiBlind;NRAD
86;J1846+0919;NAN;NAN;NAN;54800;40.693;5.342;281.608;9.329;0.2255514533;9.93E-15;NAN;NAN;NAN;NAN;NAN;NAN;NAN;2.432E-11;1.53;NAN;0.142;0.993;7.345;GRS:4FGL_J1846.3+0919[fermi21];FermiBlind;NRAD
87;J1858-2216;NAN;NAN;NAN;55800;13.581;-11.393;284.574497;-22.28233;0.002384012901237;3.8E-21;26.631;NAN;NAN;NAN;NAN;NAN;NAN;7.23E-12;0.921;0.921;-0.182;0.212;7.622;GRS:4FGL_J1858.3-2216[fermi21];FermiAssoc;HE
88;J1902-5105;-4.8;-4.4;NAN;55520;345.65;-22.379;285.5118675;-51.0991582;0.001742399949906;9.1993E-21;36.25;NAN;NAN;NAN;NAN;1.2;NAN;2.157E-11;1.645;1.645;-0.626;-0.377;7.026;GRS:4FGL_J1902.0-5105[fermi21];FermiAssoc,ghrss;HE
89;J1907+0602;NAN;NAN;NAN;54935;40.182;-0.894;286.97808;6.03803;0.106632746266;8.68208E-14;82.1;NAN;NAN;NAN;NAN;0.0034;NAN;2.544E-10;2.37;2.576;-0.037;1.529;6.69;GRS:4FGL_J1907.9+0602[fermi21],SNR:G40.5-0.5(?),GRS:HESS_J1908+06[aaa+10d],XRS:[rkp+11];FermiBlind;HE
90;J1939+2134;0.07;-0.401;0.22;55000;57.509;-0.29;294.910671767;21.583090472;0.001557806561085;1.051065E-19;71.0237;0.0382;0.09;7.59E-07;240;15.2;NAN;9.18E-12;3.5;2.896;-0.018;2.952;6.62;NAN;ar2,ar3,ar4,palfa;HE[tst+01]
91;J1952+3252;-28.8;-14.7;NAN;52793;68.765;2.823;298.242525;32.877919;0.0395311928548;5.844803E-15;45.006;4.7;9.6;9.77E-07;7;1;NAN;1.381E-10;3;3.221;0.148;2.793;7.415;GRS:4FGL_J1952.9+3252[fermi21],SNR:CTB80;misc,lotaas;HE[sof95,aaa+10m]
92;J1954+2836;NAN;NAN;NAN;54800;65.244;0.377;298.57979;28.6017;0.0927090547;2.1163E-14;NAN;NAN;NAN;NAN;NAN;NAN;NAN;1.035E-10;1.96;NAN;0.013;1.78;7.679;GRS:4FGL_J1954.3+2836[fermi21];FermiBlind;NRAD
93;J1957+5033;NAN;NAN;NAN;54800;84.584;11.013;299.412;50.555;0.3748062242;7.08E-15;NAN;NAN;NAN;NAN;NAN;NAN;NAN;2.621E-11;1.365;NAN;0.261;1.334;8.374;GRS:4FGL_J1957.6+5033[fermi21];FermiBlind;NRAD
94;J1958+2846;NAN;NAN;NAN;54800;65.879;-0.353;299.66696;28.765;0.29038924475;2.12038E-13;NAN;NAN;NAN;NAN;NAN;NAN;NAN;9.144E-11;1.95;NAN;-0.012;1.78;7.703;GRS:4FGL_J1958.7+2846[fermi21];FermiBlind;NRAD
95;J1959+2048;-16;-25.8;NAN;48196;59.197;-4.697;299.9032078;20.80420061;0.001607401684806;1.68515E-20;29.1168;0.035;0.065;6.072E-07;20;0.4;NAN;1.696E-11;1.4;1.73;-0.115;1.198;7.785;GRS:4FGL_J1959.5+2048[fermi21],XRS:[hb07a];ar3;HE[aaa+10g]
96;J2017+0603;2.21;0.15;0.4;56682;48.621;-16.026;304.3446051;6.05154554;0.002896215816723;7.9931E-21;23.92344;NAN;NAN;NAN;NAN;0.5;NAN;3.331E-11;1.399;1.399;-0.386;1.009;7.611;GRS:4FGL_J2017.4+0602[fermi21],XRS:[pb15];misc;HE
97;J2021+3651;NAN;NAN;NAN;52682;75.222;0.111;305.27275;36.85133;0.103740952074;9.57209E-14;367.5;9.9;18;NAN;NAN;0.1;NAN;4.943E-10;1.8;10.512;0.003;1.74;8.041;GRS:4FGL_J2021.1+3651[fermi21];misc;HE[aaa+09d]
98;J2021+4026;NAN;NAN;NAN;54936;78.225;2.089;305.37496;40.44586;0.26531766093;5.4682E-14;NAN;3;NAN;NAN;NAN;NAN;NAN;9.553E-10;2.15;NAN;0.078;2.103;8.062;GRS:4FGL_J2021.5+4026[fermi21],SNR:G78.2+2.1[wsc+06],XRS:2XMM_J202131.0+402645[lhh+13];FermiBlind;NRAD
99;J2028+3332;NAN;NAN;NAN;55225;73.361;-3.008;307.08275;33.534544;0.1767074151138;4.85753E-15;NAN;NAN;NAN;NAN;NAN;NAN;NAN;5.838E-11;NAN;NAN;0;0;8.5;GRS:4FGL_J2028.3+3331[fermi21];FermiBlind;NRAD
100;J2030+3641;NAN;NAN;NAN;55400;76.123;-1.438;307.501088;36.690875;0.2001285881663;6.5001E-15;246;NAN;NAN;NAN;NAN;0.15;0.09;3.141E-11;6.947;6.947;-0.174;6.742;6.834;GRS:4FGL_J2030.0+3641[fermi21];FermiAssoc;HE
101;J2030+4415;NAN;NAN;NAN;55225;82.34;2.885;307.71396;44.26058;0.22707017739;6.4843E-15;NAN;NAN;NAN;NAN;NAN;NAN;NAN;5.762E-11;0.72;NAN;0.036;0.713;8.404;GRS:4FGL_J2030.9+4416[fermi21];FermiBlind;NRAD
102;J2032+4127;-2.991;-0.742;0.693;55700;80.224;1.028;308.054663;41.45675;0.14324647;1.13E-14;114.67;NAN;NAN;NAN;NAN;NAN;0.12;1.059E-10;1.33;4.624;0.024;1.31;8.274;GRS:4FGL_J2032.2+4127[fermi21],OPT:MT91_213(Cygnus_OB2)[lsk+15],XRS:[hnl+17];FermiBlind;HE
103;J2043+1711;-5.722;-10.831;0.64;56573;61.919;-15.313;310.83700687;17.19136336;0.00237987892389;5.2437E-21;20.757;NAN;NAN;NAN;0.8;NAN;NAN;2.703E-11;1.562;1.476;-0.413;1.33;7.791;GRS:4FGL_J2043.3+1711[fermi21];FermiAssoc;HE
104;J2043+2740;NAN;NAN;NAN;49773;70.612;-9.151;310.9313;27.6822;0.09613056295;1.27E-15;21.02064;NAN;NAN;3.036E-07;15;NAN;NAN;9.87E-12;1.48;1.48;-0.235;1.378;8.015;GRS:4FGL_J2043.7+2741[fermi21];ar4,lotaas;HE[naa+11]
105;J2047+1053;NAN;NAN;NAN;55561;57.046;-19.676;311.792692;10.8855;0.00429;2.1E-20;34.6;NAN;NAN;NAN;NAN;NAN;NAN;6.17E-12;2.794;2.794;-0.941;2.208;7.069;GRS:4FGL_J2047.3+1051[fermi21];FermiAssoc;HE
106;J2051-0827;5.63;2.34;NAN;55655;39.192;-30.411;312.78133237;-8.460486;0.004508641820006;1.2733E-20;20.7299;0.44;1.33;NAN;7.9;2.8;NAN;3.38E-12;1.469;1.469;-0.744;0.801;7.518;GRS:4FGL_J2051.0-0826[fermi21];pks70,FermiAssoc;HE[sbl+96,wkh+12]
107;J2055+2539;NAN;NAN;NAN;54900;70.688;-12.519;313.9533;25.6672;0.3195611745;4.08E-15;NAN;NAN;NAN;NAN;NAN;NAN;NAN;5.383E-11;0.62;NAN;-0.134;0.571;8.3;GRS:4FGL_J2055.8+2540[fermi21],XRS:XMMU_J205549.4+253959;FermiBlind;NRAD
108;J2111+4606;NAN;NAN;NAN;55225;88.31;-1.445;317.85054;46.10869;0.157829924735;1.430393E-13;NAN;NAN;NAN;NAN;NAN;NAN;NAN;4.408E-11;NAN;NAN;0;0;8.5;GRS:4FGL_J2111.4+4606[fermi21];FermiBlind;NRAD
109;J2124-3358;-14.14;-50.08;2.4;54500;10.925;-45.438;321.18270572;-33.979125;0.004931114943097;2.05705E-20;4.60096;0.524;3.76;NAN;17;4.5;NAN;3.677E-11;0.41;0.36;-0.292;0.055;8.218;GRS:4FGL_J2124.7-3358[fermi21];pks70;HE[bt99,aaa+09f]
110;J2139+4716;NAN;NAN;NAN;55225;92.633;-4.02;324.9831;47.2703;0.282849345409;1.7857E-15;NAN;NAN;NAN;NAN;NAN;NAN;NAN;2.338E-11;NAN;NAN;0;0;8.5;GRS:4FGL_J2140.0+4716[fermi21];FermiBlind;NRAD
111;J2214+3000;20.58;-1.26;2.3;56610;86.855;-21.665;333.66188554;30.01060907;0.003119226580973;1.47261E-20;22.545;NAN;NAN;NAN;NAN;0.53;NAN;3.275E-11;0.6;1.673;-0.222;0.557;8.469;GRS:4FGL_J2214.6+3000[fermi21],OPT:[sh14];FermiAssoc;HE
112;J2215+5135;NAN;NAN;NAN;55610;99.868;-4.159;333.8862017;51.593428;0.002609619723446;3.34E-20;69.1951;NAN;NAN;NAN;5;NAN;NAN;1.179E-11;2.773;2.773;-0.201;2.725;8.974;GRS:4FGL_J2215.6+5135[fermi21],OPT:[bvr+13];FermiAssoc;HE
113;J2229+6114;NAN;NAN;NAN;51980;106.647;2.949;337.272;61.23592;0.05162357393;7.827E-14;204.97;4;NAN;NAN;1.5;0.25;NAN;2.533E-10;3;5.037;0.154;2.87;9.358;GRS:4FGL_J2229.0+6114[fermi21],SNR:G106.6+2.9;misc,gbncc;HE[hcg+01,ppp+09,aaa+09i]
114;J2238+5903;NAN;NAN;NAN;54800;106.562;0.482;339.61779;59.06133;0.16273385299;9.7034E-14;NAN;NAN;NAN;NAN;NAN;NAN;NAN;6.421E-11;2.83;NAN;0.024;2.712;9.307;GRS:4FGL_J2238.5+5903[fermi21];FermiBlind;NRAD
115;J2240+5832;-6.1;-21;NAN;54000;106.566;-0.111;340.178913;58.543756;0.1399345;1.5358E-14;263.5;10;NAN;NAN;NAN;2.7;NAN;1.083E-11;7.275;7.275;-0.014;6.973;10.574;NAN;misc;HE[tpc+11]
116;J2241-5236;17.1;-3.32;NAN;55044.2;337.457;-54.927;340.4250771;-52.61006278;0.002186699771553;6.64E-21;11.41151;0.07;0.13;NAN;NAN;1.95;NAN;3.331E-11;0.963;0.963;-0.788;-0.212;7.989;GRS:4FGL_J2241.7-5236[fermi21],XRS:;FermiAssoc,ghrss;HE
117;J2302+4442;-0.05;-5.91;1.2;56675;103.395;-14.005;345.69574318;44.70613461;0.005192324647954;1.378E-20;13.7279;NAN;NAN;NAN;11.3;1.2;NAN;3.668E-11;0.859;0.859;-0.208;0.811;8.693;GRS:4FGL_J2302.7+4443[fermi21],XRS:XMMUJ230247+444219,OPT:[kzz+18];misc,gbncc;HE
