PSRJ,RAJ,RAJ_UNC,DECJ,DECJ_UNC,PMRA,PMRA_UNC,PMDEC,PMDEC_UNC,PX,PX_UNC,POSEPOCH,REFERENCE FOR PROPER MOTION,CLASS,
,[hms],,[dms],,[mas / yr],[mas / yr],[mas / yr],[mas / yr],[mas],[mas],[MJD],(only if different from the ATNF),,
J0014+4746,00:14:17.75,0.04,+47:46:33.4,0.3,19.3,1.8,-19.7,1.5,*,0,49664,,PSR,
J0023+0923,00:23:16.8,0.00052,+09:23:23.8,0.017,-12.4,0.5,-6.1,0.1,0.4,0.3,56567,Perera+ 2019,PSR,
J0024-7204ab,00:24:08.1615,0.0005,-72:04:47.602,0.002,4.2,0.6,-2.9,0.5,*,0,51600,,PSR,
J0024-7204C,00:23:50.3546,0.0001,-72:04:31.5048,0.0004,5.2,0.1,-3.1,0.1,*,0,51600,,PSR,
J0024-7204D,00:24:13.88092,6E-05,-72:04:43.8524,0.0002,4.24,0.07,-2.24,0.05,*,0,51600,,PSR,
J0024-7204E,00:24:11.10528,5E-05,-72:05:20.1492,0.0002,6.15,0.03,-2.35,0.06,*,0,51600,,PSR,
J0024-7204F,00:24:03.85547,0.0001,-72:04:42.8183,0.0002,4.52,0.08,-2.5,0.05,*,0,51600,,PSR,
J0024-7204G,00:24:07.9603,0.0001,-72:04:39.7030,0.0005,4.5,0.1,-2.9,0.1,*,0,51600,,PSR,
J0024-7204H,00:24:06.7032,0.0002,-72:04:06.8067,0.0006,5.1,0.2,-2.8,0.2,*,0,51600,,PSR,
J0024-7204I,00:24:07.9347,0.0002,-72:04:39.6815,0.0007,5,0.2,-2.1,0.2,*,0,51600,,PSR,
J0024-7204J,00:23:59.4077,0.0001,-72:03:58.7908,0.0005,5.27,0.06,-3.59,0.09,*,0,51600,,PSR,
J0024-7204L,00:24:03.7721,0.0003,-72:04:56.923,0.002,4.4,0.2,-2.4,0.2,*,0,51600,,PSR,
J0024-7204M,00:23:54.4899,0.0003,-72:05:30.756,0.002,5,0.3,-2,0.4,*,0,51600,,PSR,
J0024-7204N,00:24:09.1880,0.0002,-72:04:28.8907,0.0007,6.3,0.2,-2.8,0.2,*,0,51600,,PSR,
J0024-7204O,00:24:04.65254,6E-05,-72:04:53.7670,0.0002,5.01,0.05,-2.58,0.08,*,0,51600,,PSR,
J0024-7204Q,00:24:16.4909,0.0001,-72:04:25.1644,0.0006,5.2,0.1,-2.6,0.1,*,0,51600,,PSR,
J0024-7204R,00:24:07.5851,0.0002,-72:04:50.3954,0.0005,4.8,0.1,-3.3,0.2,*,0,51600,,PSR,
J0024-7204S,00:24:03.9794,0.0001,-72:04:42.3530,0.0004,4.5,0.1,-2.5,0.1,*,0,51600,,PSR,
J0024-7204T,00:24:08.5491,0.0005,-72:04:38.932,0.003,5.1,0.6,-2.6,0.7,*,0,51600,,PSR,
J0024-7204U,00:24:09.8366,0.0001,-72:03:59.6882,0.0004,4.6,0.2,-3.8,0.1,*,0,51600,,PSR,
J0024-7204W,00:24:06.058,0.001,-72:04:49.088,0.002,6.1,0.5,-2.6,0.3,*,0,50000,,PSR,
J0024-7204X,00:24:22.38565,9E-05,-72:01:17.4414,0.0007,5.8,0.1,-3.3,0.2,*,0,54000,,PSR,
J0024-7204Y,00:24:01.4026,0.0001,-72:04:41.8363,0.0004,4.4,0.1,-3.4,0.1,*,0,51600,,PSR,
J0024-7204Z,00:24:06.041,0.002,-72:05:01.480,0.006,4,2,1,2,*,0,51600,,PSR,
J0030+0451,00:30:27.427,0.0022,+04:51:39.71,0.076,-6.4,0.1,0.9,0.3,2.94,0.09,55390,Perera+ 2019,PSR,
J0034-0534,00:34:21.83422,8E-05,-05:34:36.722,0.003,7.9,0.3,-9.2,0.6,*,0,55000,Perera+ 2019,PSR,
J0034-0721,00:34:08.8703,0.0001,-07:21:53.409,0.002,10.37,0.08,-11.13,0.16,0.93,0.08,52275,,PSR,
J0040+5716,00:40:32.3899,0.0001,+57:16:24.833,0.001,12.39,0.05,-5.4,0.1,0.11,0.04,49667,,PSR,
J0045-7319,00:45:35.255 ,0.01,-73:19:03.32,0.01,0.31,0.11,-0.931,0.099,0.04,0.06,57205.875,Jennings+ 2018,Binary PSR,
J0055+5117,00:55:45.3981,0.0001,+51:17:24.601,0.001,10.47,0.07,-17.4,0.1,0.35,0.06,49664,,PSR,
J0101-6422,01:01:11.1163,0.0002,-64:22:30.171,0.002,10,1,-12,2,*,0,55520,,PSR,
J0102+6537,01:02:32.9914,0.0001,+65:37:13.416,0.001,9.24,0.07,1.77,0.15,0.4,0.04,49675,,PSR,
J0108-1431,01:08:08.347016,8.8E-05,-14:31:50.1871,0.0011,75.1,2.3,-152.5,1.7,4.2,1.4,54100,,PSR,
J0108+6608,01:08:22.5049,0.0003,+66:08:34.499,0.001,-32.75,0.03,35.15,0.04,0.47,0.03,50011,,PSR,
J0134-2937,01:34:18.6824,0.0003,-29:37:17.042,0.007,17,1,-9,2,*,0,54428,,PSR,
J0139+5814,01:39:19.7401,0.0012,+58:14:31.819,0.017,-19.11,0.07,-16.6,0.07,0.37,0.04,52275,,PSR,
J0146+6145,01:46:22.42,0.1,+61:45:02.8,0.7,-4.1,1,1.9,1,*,0,49031,,PSR,
J0147+5922,01:47:44.6434,0.0001,+59:22:03.284,0.001,-6.38,0.092,3.826,0.075,0.495,0.0675,53160,Deller+ 2019,PSR,
J0151-0635,01:51:22.7179,0.0002,-06:35:02.987,0.002,10.697,0.119,-5.373,0.069,0.217,0.087,49347,Deller+ 2019,PSR,
J0152-1637,01:52:10.8539,0.0001,-16:37:53.641,0.002,0.804,0.217,-31.372,0.368,0.44,0.2,48227,Deller+ 2019,PSR,
J0154+1833,01:54:36.88273,3E-05,+18:33:50.758,0.009,10.3,0.9,-8.9,1.9,*,0,56900,,PSR,
J0157+6212,01:57:49.9434,0.0001,+62:12:26.648,0.001,1.57,0.06,44.8,0.04,0.56,0.03,49709,,PSR,
J0205+6449,02:05:37.92247,0.00015,+64:49:41.3343,0.001,-1.4,0.16,0.54,0.16,*,0,55487,,PSR,
J0206-4028,02:06:01.293,0.005,-40:28:03.62,0.07,9,4,26,5,*,0,57600,,PSR,
J0218+4232,02:18:06.358569,4E-06,+42:32:17.37515,8E-05,5.31,0.08,-3.1,0.1,0.16,0.09,55849.1,Perera+ 2019,PSR,
J0248+6021,02:48:18.617,0.001,+60:21:34.72,0.01,48,10,48,4,*,0,54000,,PSR,
J0255-5304,02:55:56.2925,0.0009,-53:04:21.275,0.009,25,4,7,3,*,0,57600,,PSR,
J0304+1932,03:04:33.115,0.016,+19:32:51.4,0.8,6,7,-37,4,*,0,49289,,PSR,
J0323+3944,03:23:26.6619,0.0001,+39:44:52.403,0.001,26.5,0.05,-30.77,0.02,1.05,0.04,49290,,PSR,
J0332+5434,03:32:59.4096,0.0001,+54:34:43.329,0.001,16.97,0.03,-10.37,0.05,0.59,0.02,46473,,PSR,
J0335+4555,03:35:16.6416,0.0001,+45:55:53.452,0.001,-3.66,0.05,-0.08,0.12,0.41,0.02,49912,,PSR,
J0337+1715,03:37:43.82589,0.00013,+17:15:14.828,0.002,4.81,0.49,-4.42,0.42,0.73,0.24,55920,,Binary PSR,
J0340+4130,03:40:23.2,0.00061,41:30:45.2,0.016,0,0.4,-4.4,0.8,0.4,0.4,56675,Perera+ 2019,PSR,
J0348+0432,03:48:43.639000,4E-06,+04:32:11.4580,0.0002,4.04,0.16,3.5,0.6,*,0,56000,,Binary PSR,
J0357+3205,03:57:52.5,0.2,+32:05:25,6,117,20,115,20,*,0,54946,,PSR,
J0357+5236,03:57:44.8403,0.0002,+52:36:57.493,0.001,13.908,0.088,-10.633,0.078,0.305,0.053,49912,Deller+ 2019,PSR,
J0358+5413,03:58:53.7238,0.0002,+54:13:13.784,0.003,9.3,0.5,8.3,0.8,0.91,0.16,54096,,PSR,
J0406+6138,04:06:30.0806,0.0002,+61:38:41.408,0.001,12.4,0.1,22.74,0.08,0.22,0.05,53784,,PSR,
J0437-4715,04:37:15.8961737,6E-07,-47:15:09.110714,7E-06,121.443,0.001,-71.474,0.002,6.42,0.07,54500,Perera+ 2019,Binary PSR,
J0452-1759,04:52:34.1057,0.0001,-17:59:23.371,0.002,11.5,0.9,6,2,0.6,1.4,52275,,PSR,
J0453+1559,04:53:45.41368,5E-05,+15:59:21.3063,0.0059,-5.5,0.5,-6,4.2,*,0,56400,,PSR,
J0454+5543,04:54:07.7506,0.0001,+55:43:41.437,0.002,53.34,0.06,-17.56,0.14,0.84,0.05,52275,,PSR,
J0502+4654,05:02:04.561,0.004,+46:54:06.09,0.09,-8,3,8,5,*,0,48717,,PSR,
J0509+0856,05:09:22.23485,1E-05,+08:56:25.0248,0.0008,5.4,0.2,-4.3,0.5,*,0,57384,,PSR,
J0514-4002A,05:14:06.69271,0.0002,-40:02:48.8930,0.0019,5.19,0.22,-0.56,0.25,*,0,53623.16,,PSR,
J0520-2553,05:20:36.185,0.003,-25:53:12.28,0.1,20,12,19,21,*,0,51216,S.J.Dang+ 2020,PSR,CT
J0525+1115,05:25:56.4483,0.0011,+11:15:19.08,0.07,31,2,-1,8,*,0,48262,,PSR,
J0528+2200,05:28:52.264,0.009,+22:00:04,2,-20,19,7,9,*,0,53100,,PSR,
J0534+2200,05:34:31.973,0.005,+22:00:52.06,0.06,-14.7,0.8,2,0.8,*,0,40706,,PSR,
J0536-7543,05:36:30.82,0.01,-75:43:54.8,0.1,3,40,65,8,*,0,57600,,PSR,
J0538+2817,05:38:25.0572,0.0001,+28:17:09.161,0.002,-23.57,0.1,52.87,0.1,0.72,0.12,52275,,PSR,
J0543+2329,05:43:11.00,0.17,+23:16:40.10,0.47,19,7,12,8,*,0,55580,,PSR,
J0601-0527,06:01:58.9752,0.0002,-05:27:50.871,0.004,-7.36,0.07,-15.24,0.09,0.48,0.04,49379,,PSR,
J0610-2100,06:10:13.595462,1.7E-05,-21:00:27.9313,0.0004,9.04,0.08,16.73,0.08,*,0,55000,Perera+ 2019,PSR,
J0613-0200,06:13:43.9,0.00025,-02:00:47.2,0.0082,1.828,0.005,-10.35,0.01,0.9,0.04,55413,Perera+ 2019,PSR,
J0614+2229,06:14:17.0058,0.0001,+22:29:56.848,0.001,-0.24,0.04,-1.25,0.04,0.28,0.03,49674,,PSR,
J0614-3329,06:14:10.3478,0.0003,-33:29:54.118,0.004,0.58,0.09,-1.92,0.12,1.1,1.1,55100,,PSR,
J0621+1002,06:21:22.11436,3E-05,+10:02:38.7352,0.0015,3.2,0.1,-0.6,0.5,*,0,55000,Perera+ 2019,PSR,
J0629+2415,06:29:05.7273,0.0001,+24:15:41.546,0.001,3.56,0.12,-4.68,0.08,0.33,0.05,49438,,PSR,
J0630-2834,06:30:49.404393,4.3E-05,-28:34:42.77881,0.00037,-46.3,0.99,21.26,0.52,3.01,0.41,54100,,PSR,
J0633+0632,06:33:44.21,0.02,06:32:34.9,1.6,-36,,39,,,,,Danilenko+2020,Gamma-/X-ray PSR,
J0633+1746,06:33:54.1530,0.0028,+17:46:12.909,0.04,138,4,97,4,6.4,1.8,49793,,PSR,
J0636+5129,06:36:04.8472,0.00039,+51:28:59.967,0.0082,4.3,0.9,2,1.2,4.9,0.6,57002,Stovall+ 2014,PSR,
J0645+5158,06:45:59.0821,0.0002,+51:58:14.919,0.0041,1.64,0.08,-7.2,0.1,0.39,0.08,56534,Perera+ 2019,PSR,
J0653+8051,06:53:15.09,0.03,+80:52:00.22,0.11,19,3,-1,3,*,0,48712,,PSR,
J0659+1414,06:59:48.196,0.003,+14:14:19.4,0.3,44.07,0.63,-2.4,0.29,3.47,0.36,57600,,PSR,
J0709+0458,07:09:08.36539,2E-05,+04:58:51.4941,0.0006,-0.7,0.2,-1.3,0.4,*,0,56983,,PSR,
J0711-6830,07:11:54.189114,1.3E-05,-68:30:47.41446,8E-05,-15.57,0.02,14.24,0.02,*,0,54500,Perera+ 2019,PSR,
J0729-1836,07:29:32.3369,0.0001,-18:36:42.244,0.002,-13.06,0.11,13.27,0.44,0.5,0.09,49720,,PSR,
J0737-3039A,07:37:51.248419,2.6E-05,-30:39:40.71431,0.0001,-3.82,0.62,2.13,0.23,0.87,0.14,54100,,PSR,
J0737-3039B,07:37:51.248419,2.6E-05,-30:39:40.71431,0.0001,-3.82,0.62,2.13,0.23,0.87,0.14,54100,,PSR,
J0738-4042,07:38:32.262,0.002,-40:42:39.42,0.02,-14,1.2,13,2,*,0,57600,,PSR,
J0742-2822,07:42:49.058,0.002,-28:22:43.76,0.04,-29,2,4,2,*,0,49326,,PSR,
J0745-5353,07:45:04.48,0.04,-53:53:09.56,0.03,-60,10,50,10,*,0,55129,,PSR,
J0751+1807,07:51:09.155331,1.3E-05,+18:07:38.4864,0.001,-2.72,0.06,-13.4,0.3,0.8,0.2,55000,Perera+ 2019,PSR,
J0754+3231,07:54:40.688,0.005,+32:31:56.2,0.2,-4,5,7,3,*,0,48725,,PSR,
J0758-1528,07:58:29.0708,0.0007,-15:28:08.738,0.019,-10,4,12,3,*,0,49896,,PSR,
J0809-4753,08:09:43.835,0.006,-47:53:54.70,0.06,-19,5,15,4,*,0,57600,,PSR,
J0814+7429,08:14:59.50,0.02,+74:29:05.70,0.11,24.02,0.09,-44,0.4,2.31,0.04,49162,,PSR,
J0820-1350,08:20:26.3817,0.0001,-13:50:55.859,0.002,21.64,0.09,-39.44,0.05,0.51,0.04,52275,,PSR,
J0821-4300,08:21:57.3653,0.0031,-43:00:17.074,0.043,-54.1,8.3,-28.1,10,*,0,53454,,PSR,
J0823+0159,08:23:09.7651,0.0001,+01:59:12.469,0.001,-3.797,0.244,0.171,0.256,0.376,0.099,49281,Deller+ 2019,PSR,
J0824+0028,08:24:24.84022,5E-05,+00:28:00.567,0.002,-4.3,0.4,-9.2,1.3,*,0,56600,,PSR,
J0826+2637,08:26:51.5068,0.0001,+26:37:21.297,0.001,63,0.01,-96.75,0.07,2.01,0.01,46450,,PSR,
J0835-4510,08:35:20.61149,2E-05,-45:10:34.8751,0.0003,-49.68,0.06,29.9,0.1,3.5,0.2,51544,,PSR,
J0837+0610,08:37:05.642,0.003,+06:10:14.56,0.14,2,5,51,3,*,0,48721,,PSR,
J0837-4135,08:37:21.1943,0.0006,-41:35:14.563,0.006,11,2,-13,1,*,0,57600,,PSR,
J0846-3533,08:46:06.040,0.008,-35:33:41.2,0.1,93,72,-15,65,*,0,57600,,PSR,
J0900-3144,09:00:43.953088,8E-06,-31:44:30.89520,0.00013,-1.01,0.05,2.01,0.06,0.7,0.6,55000,Perera+ 2019,PSR,
J0908-1739,09:08:38.1822,0.0011,-17:39:37.67,0.03,27,11,-40,11,*,0,48737,,PSR,
J0922+0638,09:22:14.022,0.004,+06:38:23.30,0.17,18.8,0.9,86.4,0.7,0.83,0.13,48227,,PSR,
J0942-5657,09:42:54.424,0.009,-56:57:43.21,0.06,-12,7,12,3,*,0,57600,,PSR,
J0943+1631,09:43:30.10,0.15,+16:31:37,6,23,16,9,11,*,0,48865,,PSR,
J0944-1354,09:44:28.9559,0.0011,-13:54:41.63,0.03,-1,32,-22,14,*,0,49337,,PSR,
J0946+0951,09:46:07.6,0.8,+09:51:55,34,-38,19,-21,12,*,0,48483,,PSR,
J0953+0755,09:53:09.3097,0.0019,+07:55:35.75,0.08,-2.09,0.08,29.46,0.07,3.82,0.07,46375,,PSR,
J1012+5307,10:12:33.4382,0.00063,+53:07:02.283,0.0077,2.61,0.01,-25.49,0.01,0.9,0.2,55291,Perera+ 2019,Binary PSR,
J1017-7156,10:17:51.32828,2E-05,-71:56:41.64586,0.00011,-7.31,0.06,6.76,0.05,3.9,1.2,55329.1,,PSR,
J1022+1001,10:22:57.9957,0.0001,+10:01:52.765,0.002,-14.912,0.041,5.611,0.034,1.387,0.034,55000,Deller+ 2019,PSR,
J1023+0038,10:23:47.68720,3E-05,+00:38:40.8455,0.0005,4.76,0.03,-17.34,0.04,0.731,0.022,54906,,Binary PSR,
J1024-0719,10:24:38.6673,0.00034,-07:19:19.595,0.011,-35.27,0.02,-48.22,0.04,0.8,0.1,56239,Perera+ 2019,Binary PSR,
J1035-6720,10:35:27.478,0.001,-67:20:12.692,0.006,-12,3,1,3,*,0,55716,,PSR,
J1041-1942,10:41:36.196,0.005,-19:42:13.61,0.11,-1,3,14,5,*,0,48738,,PSR,
J1045-4509,10:45:50.18696,3E-05,-45:09:54.1223,0.0004,-6.08,0.06,5.15,0.6,2.2,1.1,54500,Perera+2019,PSR,
J1047-3032,10:47:00.815,0.006,-30:32:18.00,0.1,55,54,34,69,*,0,51019,S.J.Dang+ 2020,PSR,CT
J1048+2339,10:48:43.4183,0.0002,+23:39:53.411,0.007,-16.3,1,-11.7,1.2,0.96,0.8,57205.875,Jennings+ 2018,Binary PSR,
J1057-5226,10:57:59.045,0.002,-52:26:56.33,0.02,42,5,-3,5,*,0,57600,,PSR,
J1115+5030,11:15:38.400,0.005,+50:30:12.29,0.05,22,3,-51,3,*,0,49334,,PSR,
J1116-4122,11:16:43.086,0.01,-41:22:43.96,0.1,-1,5,7,20,*,0,51360,,PSR,
J1121-5444,11:21:19.09,0.01,-54:44:05.1,0.1,-17,6,18,6,*,0,57600,,PSR,
J1125-5825,11:25:44.36564,5E-05,-58:25:16.8798,0.0004,-10,0.3,2.4,0.3,*,0,55126.3,,PSR,
J1136+1551,11:36:03.1198,0.0001,+15:51:14.183,0.001,-73.785,0.02,366.559,0.06,2.687,0.02,46407,Deller+ 2019,PSR,
J1136-5525,11:36:02.16,0.02,-55:25:06.9,0.2,10,17,43,9,*,0,57600,,PSR,
J1141-6545,11:41:07.0140,0.0002,-65:45:19.1131,0.0015,2.9,1,1.8,0.6,*,0,54637,,PSR,
J1142+0119,11:42:50.145,0.003,+01:19:35.69,0.09,-41,29,-97,66,*,0,56315,,PSR,
J1202-5820,12:02:28.325,0.005,-58:20:33.64,0.05,-14,4,1,5,*,0,57600,,PSR,
J1224-6407,12:24:22.254,0.006,-64:07:53.87,0.04,20,4,2,2,*,0,55191,,PSR,
J1227-4853,12:27:58.724,0.001,-48:53:42.741,0.003,-18.73,0.2,7.39,0.11,0.62,0.16,56707.98,,Binary PSR,
J1231-1411,12:31:11.3132,0.0007,-14:11:43.63,0.02,-62.03,0.26,6.2,0.5,*,0,55100,,PSR,
J1239+2453,12:39:40.4614,0.0012,+24:53:49.29,0.02,-104.5,1.1,49.4,1.4,1.16,0.08,46531,,PSR,
J1253-5820,12:53:28.342,0.002,-58:20:40.89,0.02,24,2,13,2,*,0,49020,,PSR,
J1257-1027,12:57:04.7625,0.0002,-10:27:05.551,0.002,-7.164,0.122,12.079,0.114,0.141,0.078,49667,Deller+ 2019,PSR,
J1300+1240,13:00:03.5767,0.0001,+12:40:56.4721,0.0003,45.5,0.05,-84.7,0.07,1.41,0.08,49750,,PSR,
J1302-6350,13:02:47.6542 ,0.001,-63:50:08.6259,0.001,-6.986,0.043,-0.416,0.044,0.418,0.03,57205.875,Jennings+ 2018,Binary PSR,
J1311-1228,13:11:52.656,0.009,-12:28:01.10,0.3,-2,8,-20,26,*,0,54371,S.J.Dang+ 2020,PSR,CT
J1312+0051,13:12:46.64232,9E-05,+00:51:00.104,0.003,-22.35,0.66,-11.2,1.5,*,0,55600,,PSR,
J1320-5359,13:20:53.921,0.003,-53:59:05.00,0.04,8,4,49,4,*,0,57600,,PSR,
J1321+8323,13:21:45.6315,0.0007,+83:23:39.432,0.001,-52.674,0.087,32.373,0.126,0.968,0.088,48889,Deller+ 2019,PSR,
J1327-0755,13:27:57.5880,0.0012,-07:55:29.80,0.04,27,18,95,48,*,0,55131,,PSR,
J1328-4357,13:28:06.432,0.01,-43:57:44.12,0.1,3,7,54,23,*,0,51360,,PSR,
J1405-4656,14:05:21.4255,0.0008,-46:56:02.31,0.01,-44,6,20,10,*,0,55692.7,,PSR,
J1411+2551,14:11:18.866,0.003,+25:51:08.39,0.07,-3,12,-4,9,*,0,57617,,PSR,
J1417-4402,14:17:30.60,0.09,-44:02:57.4,0.9,-4.7,0.1,-5.1,0.87,0.221,0.071,57022,,Binary PSR,
J1421-4409,14:21:20.9646,0.0003,-44:09:04.541,0.004,-10,8,3,2,*,0,57600,,PSR,
J1430-6623,14:30:40.735,0.002,-66:23:05.55,0.01,-31,5,-21,3,*,0,57600,,PSR,
J1431-4715,14:31:44.6177,0.0002,-47:15:27.574,0.004,-12.01,0.33,14.51,0.26,0.64,0.16,55756.1,,Binary PSR,
J1446-4701,14:46:35.71391,2E-05,-47:01:26.7675,0.0004,-4,0.2,-2,0.3,*,0,55647.8,,PSR,
J1453-6413,14:53:32.665,0.006,-64:13:16.00,0.05,-16,1,-21.3,0.8,*,0,55433,,PSR,
J1455-3330,14:55:47.9701,0.0012,-33:30:46.39,0.039,7.91,0.04,-1.9,0.09,0.9,0.2,55293,Perera+ 2019,PSR,
J1456-6843,14:55:59.923,0.003,-68:43:39.50,0.02,-39.5,0.4,-12.3,0.3,2.2,0.3,57600,,PSR,
J1502-6752,15:02:18.615,0.002,-67:52:16.759,0.018,-6,9,-14,16,*,0,55421.2,,PSR,
J1509+5531,15:09:25.6298,0.0001,+55:31:32.394,0.002,-73.64,0.05,-62.65,0.09,0.47,0.03,52275,,PSR,
J1514-4946,15:14:19.1141,0.0001,-49:46:15.516,0.005,-0.3,3.2,-30,66,*,0,55520,,PSR,
J1518+0204C,15:18:32.788893,2.1E-05,+02:04:47.8153,0.0008,4.67,0.14,-8.24,0.36,*,0,52850,,PSR,
J1518+4904,15:18:16.799084,1.6E-05,+49:04:34.25119,0.00016,-0.67,0.04,-8.53,0.04,*,0,52000,,PSR,
J1527-3931,15:27:58.85,0.05,-39:31:35,1,-33,37,-12,111,*,0,54217,S.J.Dang+ 2020,PSR,CT
J1532+2745,15:32:10.3646,0.0001,+27:45:49.623,0.001,1.542,0.104,18.932,0.111,0.624,0.064,49666,Deller+ 2019,PSR,
J1534-5334,15:34:08.278,0.006,-53:34:19.66,0.08,-27,10,-12,10,*,0,57600,,PSR,
J1537+1155,15:37:09.961730,3E-06,+11:55:55.43387,6E-05,1.482,0.007,-25.285,0.012,0.86,0.18,52077,,PSR,
J1539-5626,15:39:14.06,0.18,-56:26:26.3,0.2,49,13,-36,16,*,0,55408,,PSR,
J1543-0620,15:43:30.1373,0.0001,-06:20:45.332,0.002,-16.774,0.044,-0.312,0.131,0.322,0.036,49423,Deller+ 2019,PSR,
J1543+0929,15:43:38.8250,0.0001,+09:29:16.339,0.002,-7.61,0.06,-2.87,0.07,0.13,0.02,52275,,PSR,
J1543-5149,15:43:44.1498,0.0002,-51:49:54.685,0.002,-4.3,1.4,-4,2,*,0,55522,,PSR,
J1552-4937,15:52:13.2709,0.0004,-49:37:49.744,0.011,-3,3,-13,8,*,0,54033,,PSR,
J1557-4258,15:57:00.2580,0.0009,-42:58:12.66,0.02,-3,1,10,2,*,0,48017,,PSR,
J1559-4438,15:59:41.526126,8E-06,-44:38:45.901778,3.5E-05,1.52,0.14,13.15,0.05,0.384,0.081,54100,,PSR,
J1600-3053,16:00:51.90305,0.00013,-30:53:49.397,0.0061,-0.97,0.01,-7.04,0.05,0.5,0.06,55885,Perera+ 2019,PSR,
J1600-5044,16:00:53.015,0.002,-50:44:21.30,0.04,-5,2,-13,2,*,0,57600,,PSR,
1603-2531,16:03:04.893,0.003,-25:31:47.36,0.07,-34,4,22,18,*,0,50719,S.J.Dang+ 2020,PSR,CT
J1603-7202,16:03:35.67751,4E-05,-72:02:32.72985,0.00019,-2.47,0.03,-7.36,0.04,1.1,0.8,54500,Perera+ 2019,PSR,
J1604-4909,16:04:22.976,0.002,-49:09:57.98,0.03,-12,3,9,5,*,0,57600,,PSR,
J1607-0032,16:07:12.0598,0.0002,-00:32:41.527,0.002,-26.437,0.063,-27.505,0.211,0.934,0.036,46973,Deller+ 2019,PSR,
J1614+0737,16:14:40.902,0.004,07:37:31.70,0.1,-5,12,58,23,*,0,54192,S.J.Dang+ 2020,PSR,CT
J1614-2230,16:14:36.5073,0.0011,-22:30:31.27,0.081,3.6,0.2,-33,1,1.46,0.09,56047,Perera+ 2019,PSR,
J1622-0315,16:22:59.6285,0.0003,-03:15:37.328,0.007,-15.4,1.7,37.5,5.1,*,0,56769,,PSR,
J1622-6617,16:22:03.6681,0.0004,-66:17:16.978,0.006,-3,2,6,4,*,0,55253.1,,PSR,
J1623-0908,16:23:17.6599,0.0001,-09:08:48.733,0.002,-10.769,0.126,23.509,0.118,0.586,0.101,48715,Deller+ 2019,PSR,
J1623-2631,16:23:38.2218,0.0002,-26:31:53.769,0.002,-13.4,1,-25,5,*,0,48725,,PSR,
J1628-3205,16:28:07.02,0.01,-32:05:48.7,0.01,-6.4,1,-19.81,0.82,1.2,0.56,57205.875,Jennings+ 2018,Binary PSR,
J1630+3734,16:30:36.46693,7E-05,+37:34:42.097,0.001,2.4,3.5,-15.9,3.4,*,0,56136,,PSR,
J1640+2224,16:40:16.7450,0.00022,+22:24:08.824,0.0041,2.08,0.01,-11.34,0.02,0.6,0.4,55366,Perera+ 2019,PSR,
J1641+8049,16:41:20.83,0.019,+80:49:52.91,0.043,-11,1,37,3,*,0,56425,,PSR,
J1643-1224,16:43:38.1618,0.0014,-12:24:58.68,0.1,6.03,0.03,4.1,0.1,0.9,0.3,55330,Perera+ 2019,PSR,
J1645-0317,16:45:02.0406,0.0001,-03:17:57.819,0.002,-1.011,0.027,20.523,0.176,0.252,0.235,46515,Deller+ 2019,PSR,
J1650-1654,16:50:27.1694,0.0007,-16:54:42.282,0.02,-15.07,0.05,-6.55,0.14,*,0,50862,,PSR,
J1658-5324,16:58:39.34359,9E-05,-53:24:07.003,0.001,0.2,0.8,4.9,0.23,*,0,55520,,PSR,
J1703-1846,17:03:51.0915,0.0002,-18:46:14.845,0.006,-0.73,0.08,16.92,0.19,0.35,0.05,49905,,PSR,
J1705-1906,17:05:36.09,0.17,-19:06:39,23,-77,2,-52,17,*,0,48733,,PSR,
J1708−3426,17:08:57.78,0.002,-34:26:44.80,0.1,-31,9,123,45,*,0,54565,S.J.Dang+ 2020,PSR,T
J1708-3506,17:08:17.62215,0.0001,-35:06:22.640,0.004,-5.3,0.8,-2,3,*,0,55132.9,,PSR,
J1709-1640,17:09:26.4413,0.0015,-16:40:57.73,0.16,-2,1,47,10,*,0,46993,,PSR,
J1709+2313,17:09:05.792,0.006,+23:13:27.85,0.01,-3.2,0.7,-9.7,0.9,*,0,51145,,PSR,
J1710+4923,17:10:04.4410,0.0013,+49:23:11.478,0.014,-50.4,0.2,-44.7,0.2,*,0,56850,,PSR,
J1713+0747,17:13:49.53356,2.4E-05,+07:47:37.4825,0.00082,4.924,0.001,-3.913,0.002,0.83,0.02,55391,Perera+ 2019,PSR,
J1719-1438,17:19:10.07293,5E-05,-14:38:00.942,0.004,1.9,0.4,-11,2,*,0,55235.5,,PSR,
J1720-0212,17:20:57.269,0.011,-02:12:23.9,0.5,-1,4,-26,5,*,0,49429,,PSR,
J1721-2457,17:21:05.4979,0.0003,-24:57:06.17,0.05,2,1,-26,14,*,0,55000,Perera+ 2019,PSR,
J1722-3207,17:22:02.959,0.002,-32:07:45.3,0.2,-1,5,-40,27,*,0,57600,,PSR,
J1722−3632,17:22:09.793,0.002,-36:32:55.00,0.1,-19,7,-110,34,*,0,53882,S.J.Dang+ 2020,PSR,CT
J1723-2837,17:23:23.1856,0.0008,-28:37:57.17,0.11,-11.713,0.082,-23.99,0.062,1.077,0.054,55667,Jennings+ 2018 ,Binary PSR,
J1727-2946,17:27:15.09493,0.00017,-29:46:36.797,0.017,0.6,0.9,0,8,*,0,54723,,PSR,
J1730-2304,17:30:21.66624,8E-05,-23:04:31.19,0.02,20.2,0.3,-1,6,1.7,0.2,54500,Perera+ 2019,PSR,
J1731-1847,17:31:17.609823,1.7E-05,-18:47:32.666,0.003,-1.7,0.3,-6,3,*,0,55215.1,,PSR,
J1731-4744,17:31:42.160,0.005,-47:44:36.26,0.06,73,15,-132,14,*,0,53000,,PSR,
J1732-5049,17:32:47.766731,1.9E-05,-50:49:00.1917,0.0004,-0.37,0.08,-9.9,0.2,*,0,54500,Perera+ 2019,PSR,
J1733-3716,17:33:26.760,0.002,-37:16:55.19,0.1,4,9,63,34,*,0,55359,,PSR,
J1735-0724,17:35:04.9730,0.0001,-07:24:52.130,0.001,0.82,0.06,20.63,0.06,0.15,0.04,49887,,PSR,
J1738+0333,17:38:53.9680,0.00025,+03:33:10.883,0.01,7.12,0.04,5,0.1,0.68,0.05,56258,Perera+ 2019,PSR,
J1739-2903,17:39:34.289,0.001,-29:03:02.30,0.2,10,4,84,41,*,0,54598,S.J.Dang+ 2020,PSR,CT
J1740+1311,17:40:07.3455,0.0012,+13:11:56.69,0.03,-22,2,-20,2,*,0,48262,,PSR,
J1741-0840,17:41:22.5629,0.0001,-08:40:31.711,0.001,0.41,0.1,6.9,0.09,0.28,0.05,48714,,PSR,
J1741+1351,17:41:31.14473,0.0001,+13:51:44.116,0.0021,-8.96,0.03,-7.57,0.04,0.5,0.2,56209,Perera+ 2019,PSR,
J1741-2054,17:41:57.28,0.02,-20:54:11.8,0.3,-63,12,-89,9,*,0,54933,,PSR,
J1741-3927,17:41:18.079,0.005,-39:27:38.2,0.2,20,15,-6,59,*,0,57600,,PSR,
J1743-3150,17:43:36.6856256,1E-07,-31:50:22,83,-11,17,-136,131,*,0,50241,S.J.Dang+ 2020,PSR,CT
J1744-1134,17:44:29.4057891,1.1E-06,-11:34:54.68126,8E-05,18.797,0.004,-9.41,0.02,2.44,0.05,54500,Perera+ 2019,PSR,
J1744-7619,17:44:00.488,0.002,-76:19:14.710,0.009,-21,3,-7,3,*,0,55716,,PSR,
J1745-0952,17:45:09.1348,0.0002,-09:52:39.682,0.015,-21.2,1.1,11,5,*,0,53200,,PSR,
J1745+1017,17:45:33.8371,0.0007,+10:17:52.523,0.002,6,1,-5,1,*,0,55400,,PSR,
J1745-3040,17:45:56.316,0.012,-30:40:22.9,1.1,15,1,47,7,*,0,55276,,PSR,
J1747-4036,17:47:48.7165,0.0017,-40:36:54.79,0.082,-0.2,0.8,-5,1,0.4,0.7,56676,Perera+ 2019,PSR,
J1751-2857,17:51:32.693197,1.7E-05,-28:57:46.520,0.003,-7.4,0.1,-4,1,*,0,55000,Perera+ 2019,PSR,
J1751-4657,17:51:42.196,0.002,-46:57:26.53,0.05,-13,5,-59,7,*,0,57600,,PSR,
J1752-2806,17:52:58.6896,0.0017,-28:06:37.3,0.3,-4,6,-5,5,*,0,46483,,PSR,
J1754+5201,17:54:22.9068,0.0001,+52:01:12.244,0.001,-3.95,0.05,1.11,0.07,0.16,0.03,49666,,PSR,
J1756-2251,17:56:46.633812,1.5E-05,-22:51:59.35,0.02,-2.42,0.08,0,20,1.05,0.55,53563,,PSR,
J1801-1417,18:01:51.073331,1.9E-05,-14:17:34.526,0.002,-10.89,0.12,-3,1,*,0,55000,,PSR,
J1801-2451,18:01:00.016,0.008,-24:51:27.5,0.2,-11,9,-1,15,*,0,53348,,PSR,
J1801-3210,18:01:25.8896,0.0002,-32:10:53.714,0.017,-8,2,-11,10,*,0,55001.9,,PSR,
J1802-2124,18:02:05.335576,9E-06,-21:24:03.649,0.003,-1.1,0.1,-4,4,1.2,0.7,53453,Perera+ 2019,PSR,
J1803-2137,18:03:51.4105,0.001,-21:37:07.351,0.01,11.6,1.8,14.8,2.3,*,0,51544,,PSR,
J1804-2717,18:04:21.133087,1.9E-05,-27:17:31.335,0.004,2.6,0.2,-18,2,*,0,55000,Perera+ 2019,PSR,
J1807-0847,18:07:38.0274,0.0004,-08:47:43.27,0.02,-5,4,1,4,*,0,48244,,PSR,
J1809-1917,18:09:43.136,0.002,-19:17:38.1,0.5,-19,6,50,90,*,0,55366,,PSR,
J1809-2332,18:09:50.25,0.03,-23:32:22.68,0.1,12,8,-24,6,*,0,55770,,PSR,
J1810+1744,18:10:37.28038,0.001,17:44:37.4719,0.001,6.4,1.7,-7.2,2,1.05,0.69,57205.875,Jennings+ 2018,Binary PSR,
J1810-2005,18:10:58.9919,0.0006,-20:05:08.27,0.14,0,2,17,37,*,0,53200,,PSR,
J1811-2405,18:11:19.85315,2E-05,-24:05:18.365,0.011,0.65,0.14,-9.1,5.2,0.2,0.2,55208.5,,PSR,
J1813-2621,18:13:40.59165,0.0001,-26:21:57.055,0.018,-7.3,0.9,-22,16,*,0,54058,,PSR,
J1816+4510,18:16:35.93436,7E-05,+45:10:33.8618,0.0008,-0.17,0.29,-4.42,0.33,0.22,0.15,57205.875,Jennings+ 2018,Binary PSR,
J1817-3618,18:17:05.857,0.009,-36:18:04.6,0.3,19,5,-16,17,*,0,57600,,PSR,
J1820-0427,18:20:52.5934,0.0001,-04:27:37.712,0.002,-7.31,0.07,15.89,0.08,0.35,0.05,57600,,PSR,
J1820-1346,18:20:19.743,0.009,13:46:15.00,0.7,-17,16,21,95,*,0,54607,S.J.Dang+ 2020,PSR,CT
J1823+0550,18:23:30.9731,0.0011,+05:50:24.31,0.04,5,11,-2,4,*,0,48713,,PSR,
J1823-3021A,18:23:40.48701,0.00036,-30:21:40.127,0.044,0.31,0.24,-8.2,1.7,*,0,55049,,PSR,
J1823-3106,18:23:46.78,0.067,-31:06:50,6.2,18,4,27,18,*,0,50093,,PSR,
J1824-1945,18:24:00.56,0.18,-19:46:03.36,0.32,12.2,1,10,14,*,0,55291,,PSR,
J1824-2452A,18:24:32.00788,3E-05,-24:52:10.834,0.008,-0.2,0.2,-6,4,*,0,54500,Perera+ 2019,PSR,
J1825-0935,18:25:30.594,0.002,-09:35:21.2,0.2,-13,11,-9,5,*,0,57600,,PSR,
J1825-1446,18:25:02.96,0.17,-14:46:53.77,0.7,11.07,0.1,-27.61,0.1,*,0,55314,,PSR,
J1826-1334,18:26:13.175,0.003,-13:34:46.8,0.1,23,2.5,-3.9,3.1,*,0,52400,,PSR,
J1829-1751,18:29:43.13,0.12,-17:51:04,16,22,13,-150,130,*,0,49878,,PSR,
J1832-0827,18:32:37.013,0.002,-08:27:03.7,1.2,-4,4,20,15,*,0,55397,,PSR,
J1833-0338,18:33:41.8945,0.0001,-03:39:04.258,0.001,-17.34,0.09,15,0.3,0.4,0.06,57600,,PSR,
J1835-1020,18:35:57.5784,0.001,-10:20:04.50,0.06,25,5,4,21,*,0,54369,,PSR,
J1835-1106,18:35:18.41,0.05,-11:06:16.1,0.9,27,46,56,190,*,0,55429,,PSR,
J1836-0436,18:36:51.790,0.002,-04:36:37.70,1,-3,2,-1,9,*,0,49532,S.J.Dang+ 2020,PSR,CT
J1836-1008,18:36:53.9,0.23,-10:08:08,14,18,65,12,220,*,0,48880,,PSR,
J1839-0643,18:39:09.788,0.007,-06:43:44.50,0.4,4,32,-170,111,*,0,54603,S.J.Dang+ 2020,PSR,T
J1840+5640,18:40:44.5372,0.0001,+56:40:54.852,0.001,-31.21,0.03,-29.08,0.06,0.66,0.04,48717,Deller+ 2019,PSR,
J1841+0912,18:41:55.95,0.15,+09:12:07,3.7,-12,5,38,7,*,0,48266,,PSR,
J1843-1113,18:43:41.261917,1.2E-05,-11:13:31.0686,0.0007,-1.91,0.06,-3.2,0.2,0.6,0.4,55000,Perera+ 2019,PSR,
J1843-1448,18:43:01.3750,0.0003,-14:48:12.61,0.03,10.5,0.19,12,15,*,0,53934,,PSR,
J1844+1454,18:44:54.8946,0.0011,+14:54:14.12,0.03,-9,10,45,6,*,0,49362,,PSR,
J1847-0402,18:47:22.842,0.002,-04:02:14.4,0.1,-1,7,8,19,*,0,57600,,PSR,
J1848-0123,18:48:23.5895,0.0015,-01:23:58.33,0.05,5,2,-26,6,*,0,53868,,PSR,
J1853+1303,18:53:57.3183,0.00023,+13:03:44.051,0.0041,-1.63,0.02,-2.96,0.04,0.2,0.3,56553,Perera+ 2019,PSR,
J1857+0526,18:57:15.851,0.002,+05:26:28.64,0.02,19,11,-51,20,*,0,54619,S.J.Dang+ 2020,PSR,T
J1857+0943,18:57:36.39042,0.00012,+09:43:17.196,0.0041,-2.652,0.004,-5.423,0.006,0.9,0.1,55367,Perera+ 2019,PSR,
J1900-2600,19:00:47.582,0.004,-26:00:43.8,0.5,-19.9,0.3,-47.3,0.9,0.5,0.6,48891,,PSR,
J1901+0331,19:01:31.781,0.002,+03:31:05.97,0.07,-7,2,-45,5,*,0,54336,,PSR,
J1901+0716,19:01:38.956,0.005,07:16:34.40,0.1,23,16,-28,33,*,0,54537,S.J.Dang+ 2020,PSR,CT
J1901-0906,19:01:53.0087,0.0003,-09:06:11.146,0.01,-7.54,0.04,-18.2,0.2,0.52,0.05,50873,,PSR,
J1902+0556,19:02:42.616,0.003,05:56:25.92,0.06,-4,5,-1,10,*,0,54288,.J.Dang+ 2020,PSR,CT
J1902-5105,19:02:02.84821,9E-05,-51:05:56.9695,0.0008,-4.8,1.3,-4.4,1.6,*,0,55520,,PSR,
J1903+0135,19:03:29.986,0.001,+01:35:38.53,0.04,3,7,-13,14,*,0,57600,,PSR,
J1903+0327,19:03:05.793213,1E-05,+03:27:19.20911,6E-05,-2.8,0.3,-6.6,0.8,0.3,0.7,55000,Perera+ 2019,PSR,
J1903-7051,19:03:38.7935,0.0003,-70:51:43.461,0.002,-8.8,1.6,-16,2,*,0,56526,,PSR,
J1904+0004,19:04:12.7180,0.0015,+00:04:05.29,0.04,8,9,-7,16,*,0,54377,,PSR,
J1905+0400,19:05:28.273436,1.6E-05,+04:00:10.8830,0.0006,-3.8,0.18,-7.3,0.4,*,0,53700,,PSR,
J1905+0709,19:05:53.62,0.02,07:09:19.40,0.6,-1,34,-12,63,*,0,49466,.J.Dang+ 2020,PSR,CT
J1906+0454,19:06:47.13970,7E-05,+04:54:09.042,0.002,-6,1,-14,3,*,0,58100,,PSR,
J1907+0919,19:07:14.33,0.01,+09:19:20.1,0.2,0.6,0.2,4.2,0.4,*,0,51052,,PSR,
J1907+4002,19:07:34.656,0.008,+40:02:05.71,0.11,11,4,11,1,*,0,48713,,PSR,
J1909+0007,19:09:35.25,0.11,+00:07:58,6.1,5,3,-32,7,*,0,48740,,PSR,
J1909-3744,19:09:47.4346749,1.1E-06,-37:44:14.46674,5E-05,-9.513,0.002,-35.777,0.006,0.88,0.01,54500,Perera+ 2019,PSR,
J1910+1256,19:10:09.7014,0.00035,+12:56:25.459,0.0082,0.21,0.03,-7.04,0.05,0.1,0.3,56131,Perera+ 2019,PSR,
J1910-5959A,19:11:42.75562,3E-05,-59:58:26.9029,0.0003,-3.08,0.06,-3.97,0.06,*,0,51920,,PSR,
J1910-5959C,19:11:05.5552,0.0004,-60:00:59.700,0.004,-4.1,1.7,-4.6,2.5,*,0,51910,,PSR,
J1911-1114,19:11:49.28233,3E-05,-11:14:22.481,0.003,-13.7,0.2,-9.3,0.9,*,0,55000,Perera+ 2019,PSR,
J1911+1347,19:11:55.20362,0.00012,+13:47:34.359,0.0021,2.9,0.03,-3.76,0.05,0.4,0.2,56936,Perera+ 2019,PSR,
J1912+2104,19:12:43.3391,0.0001,+21:04:33.926,0.001,-11.34,0.06,-5.8,0.1,0.02,0.09,48740,Deller+ 2019,PSR,
J1913-0440,19:13:54.1735,0.0016,-04:40:47.68,0.07,7,13,-5,9,*,0,46634,,PSR,
J1913+1400,19:13:24.3527,0.0001,+14:00:52.559,0.001,-5.28,0.06,-8.94,0.05,0.185,0.03,49910,,PSR,
J1915+1009,19:15:29.991,0.003,+10:09:43.37,0.06,6,2,-17,4,*,0,57600,,PSR,
J1915+1606,19:15:27.99942,3E-05,+16:06:27.3868,0.0005,-1.23,0.04,-0.83,0.04,*,0,52984,,PSR,
J1916+0951,19:16:32.3391,0.0009,09:51:25.93,0.02,-1,2,-11,2,*,0,54587,S.J.Dang+ 2020,PSR,CT
J1917+1353,19:17:39.7864,0.0001,+13:53:57.077,0.001,-1.25,0.05,3.81,0.06,0.14,0.07,49763,Deller+ 2019,PSR,
J1918-0642,19:18:48.03272,0.00015,-06:42:34.900,0.0082,-7.15,0.02,-5.94,0.05,0.8,0.1,55330,Perera+ 2019,PSR,
J1918+1444,19:18:23.638,0.006,+14:45:06.00,0.1,78,49,-262,77,*,0,49690,S.J.Dang+ 2020,PSR,T
J1919+0021,19:19:50.6715,0.0001,+00:21:39.722,0.002,10.11,0.09,-4.7,0.09,0.17,0.04,49427,,PSR,
J1921+1929,19:21:23.35070,4E-05,+19:29:22.299,0.001,-3.2,0.8,-11,1,*,0,58137,,PSR,
J1921+2153,19:21:44.815,0.002,+21:53:02.25,0.04,17,4,32,6,*,0,48999,,PSR,
J1923+2515,19:23:22.4926,0.00022,+25:15:40.592,0.0061,-6.69,0.1,-14.7,0.2,-0.3,0.6,56583,Perera+ 2019,PSR,
J1926+0431,19:26:24.471,0.003,04:31:31.37,0.08,1,9,-14,16,*,0,54606,S.J.Dang+ 2020,PSR,CT
J1932+1059,19:32:14.0570,0.0008,+10:59:33.38,0.02,94.09,0.11,42.99,0.16,2.77,0.07,57600,,PSR,
J1933-6211,19:33:32.42668,5E-05,-62:11:46.876,0.001,-5.54,0.07,10.7,0.2,*,0,53000,,PSR,
J1935+1616,19:35:47.8259,0.0001,+16:16:39.986,0.002,1.13,0.13,-16.09,0.15,0.22,0.12,52275,,PSR,
J1937+1658,19:37:24.90851,8E-05,+16:58:42.553,0.002,-1.8,0.7,-5,1,*,0,57516,,PSR,
J1937+2544,19:37:01.2544,0.0001,+25:44:13.436,0.001,-10.04,0.04,-13.06,0.04,0.32,0.03,49703,,PSR,
J1939+2134,19:39:38.561224,2E-06,+21:34:59.12570,4E-05,0.074,0.002,-0.41,0.003,0.19,0.05,55000,Perera+ 2019,PSR,
J1941-2602,19:41:00.4070,0.0018,-26:02:05.75,0.12,12,2,-10,4,*,0,50076,,PSR,
J1943-1237,19:43:25.480,0.004,-12:37:43.10,0.3,-1,8,-46,35,*,0,54561,S.J.Dang+ 2020,PSR,CT
J1944+0907,19:44:09.3309,0.00025,+09:07:23.006,0.0061,14.14,0.08,-22.6,0.2,0.1,0.3,56570,Perera+ 2019,PSR,
J1946+1805,19:46:53.044,0.006,+18:05:41.24,0.11,1,5,-9,4,*,0,48790,,PSR,
J1946-2913,19:46:51.734,0.008,-29:13:47.1,0.5,19,9,-33,20,*,0,48736,,PSR,
J1946+3417,19:46:25.131145,2E-05,+34:17:14.68898,0.00014,-7.01,0.23,4.51,0.21,*,0,56819,,PSR,
J1948+3540,19:48:25.0067,0.001,+35:40:11.057,0.015,-12.6,0.6,0.7,0.6,*,0,49449,,PSR,
J1949+3106,19:49:29.6374604,3.7E-06,+31:06:03.80604,6E-05,-5,5,-5,7,-1,3,56000,Perera+ 2019,PSR,
J1950+2414,19:50:45.063661,2.4E-05,+24:14:56.9639,0.0004,-2.12,0.18,-3.64,0.19,*,0,56000,,PSR,
J1952+2630,19:52:36.8401,0.0001,+26:30:28.073,0.002,-6,2,0,3,*,0,55813,,PSR,
J1952+3252,19:52:58.206,0.001,+32:52:40.51,0.01,-28.8,0.9,-14.7,0.9,*,0,52793,,PSR,
J1954+2923,19:54:22.554,0.002,+29:23:17.29,0.04,25,17,-36,10,*,0,48719,,PSR,
J1955+2527,19:55:59.39523,7E-05,+25:27:03.443,0.002,-1.9,0.6,-2.4,0.8,*,0,54800,,PSR,
J1955+2908,19:55:27.8753,0.00055,+29:08:43.436,0.01,-1.03,0.06,-4.17,0.08,-1,1,56568,Perera+ 2019,PSR,
J1955+5059,19:55:18.7637,0.0013,+50:59:55.292,0.013,-23,5,54,5,*,0,48741,,PSR,
J1955+6708,19:55:38.766,0.0071,+67:08:15.13,0.04,-3,1,10,2,*,0,56600,,PSR,
J1957+2516,19:57:34.6115 ,0.005,+25:16:02.076,0.005,-5.7,11,-8.9,1.4,0.69,0.86,57205.875,Jennings+ 2018,Binary PSR,
J1959+2048,19:59:36.76988,5E-05,+20:48:15.1222,0.0006,-16,0.5,-25.8,0.6,*,0,48196,,PSR,
J2004+3137,20:04:52.279,0.002,31:37:09.99,0.03,-6,2,-6,3,*,0,54539,S.J.Dang+ 2020,PSR,CT
J2006-0807,20:06:16.3650,0.0001,-08:07:02.167,0.003,-6.19,0.05,-10.59,0.15,0.42,0.1,49766,Deller+ 2019,PSR,
J2010-1323,20:10:45.9211,0.0001,-13:23:56.083,0.004,2.56,0.6,-5.9,0.2,0.2,0.1,56235,Perera+ 2019,PSR,
J2010+3051,20:10:03.9542,0.0001,+30:51:18.892,0.001,-10.3,0.9,-3,1,*,0,57949,,PSR,
J2013+3845,20:13:10.367,0.003,+38:45:43.31,0.04,-32.1,1.7,-25,2,*,0,49718,,PSR,
J2016+1948,20:16:57.44349,6E-05,+19:47:51.5882,0.0012,1.28,0.26,2.83,0.34,*,0,53000,,PSR,
J2017+0603,20:17:22.7052,0.00028,+06:03:05.564,0.008,2.4,0.4,-0.5,0.6,0.5,0.2,56682,Perera+ 2019,PSR,
J2018+2839,20:18:03.8333,0.0009,+28:39:54.212,0.016,-2.6,0.2,-6.2,0.4,1.03,0.1,46384,,PSR,
J2019+2425,20:19:31.94900,3E-05,+24:25:15.3038,0.0005,-8.8,0.5,-19.9,0.7,*,0,48900,Perera+ 2019,PSR,
J2022+2854,20:22:37.0671,0.0007,+28:54:23.104,0.011,-4.4,0.5,-23.6,0.3,0.37,0.12,49692,,PSR,
J2022+5154,20:22:49.8730,0.0012,+51:54:50.233,0.011,-5.23,0.17,11.5,0.3,0.5,0.07,46640,,PSR,
J2029+3744,20:29:23.882,0.006,37:44:08.05,0.08,10,11,-10,13,*,0,54150,S.J.Dang+ 2020,PSR,CT
J2032+4127,20:32:13.119,0.002,+41:27:24.31,0.09,-2.991,0.048,-0.742,0.055,0.693,0.033,55700,,Binary PSR,
J2033+1734,20:33:27.5118,0.00086,+17:34:58.470,0.016,-5.9,0.4,-9,0.8,*,0,56945,Perera+ 2019,PSR,
J2042+0246,20:42:11.00287,5E-05,+02:46:14.397,0.002,15.1,1.2,-14.1,2.5,*,0,56520,,PSR,
J2043+1711,20:43:20.88164,8.2E-05,+17:11:28.908,0.002,-5.76,0.06,-10.8,0.1,0.93,0.1,56573,Perera+ 2019,PSR,
J2045+3633,20:45:01.50504,0.00012,+36:33:01.4033,0.0008,-2.1,1.4,-2.3,0.8,*,0,56855,,PSR,
J2046-0421,20:46:00.1730,0.0001,-04:21:26.256,0.002,10.76,0.04,-4.26,0.22,0.16,0.03,48739,,PSR,
J2046+1540,20:46:39.3373,0.0001,+15:40:33.558,0.001,-10.48,0.06,0.66,0.06,0.31,0.08,48742,,PSR,
J2048-1616,20:48:35.640637,4E-05,-16:16:44.55350,0.00015,113.16,0.02,-4.6,0.28,1.05,0.03,54100,,PSR,
J2051-0827,20:51:07.519768,1.8E-05,-08:27:37.7497,0.0008,5.63,0.04,2.34,0.28,*,0,55655,,PSR,
J2053+1718,20:53:49.4809,0.0007,+17:18:44.662,0.013,-1,2.3,6.9,2.8,*,0,53400,,PSR,
J2053+4650,20:53:52.62804,7E-05,+46:50:51.7181,0.0004,-2.8,0.8,-5.4,0.5,*,0,56917.5915,,PSR,
J2055+2209,20:55:39.161,0.002,22:09:27.09,0.05,10,5,-10,9,*,0,54546,S.J.Dang+ 2020,PSR,CT
J2055+3630,20:55:31.3521,0.0001,+36:30:21.469,0.002,1.04,0.04,-2.46,0.13,0.17,0.03,52275,,PSR,
J2055+3829,20:55:10.306550,4E-06,+38:29:30.90571,6E-05,5.92,0.03,0.79,0.07,*,0,57900,,PSR,
J2108+4441,21:08:20.482,0.006,+44:41:48.87,0.06,3.5,1.3,1.4,1.4,*,0,48736,,PSR,
J2113+2754,21:13:04.3506,0.0001,+27:54:01.160,0.001,-27.96,0.03,-54.46,0.07,0.7,0.02,48741,,PSR,
J2113+4644,21:13:24.3295,0.0001,+46:44:08.844,0.001,9.5,0.1,8.84,0.08,0.46,0.07,53915,,PSR,
J2116+1414,21:16:13.752,0.003,+14:14:21.04,0.07,8,15,-11,5,*,0,48471,,PSR,
J2124-3358,21:24:43.849372,1E-05,-33:58:44.8500,0.0003,-14.09,0.03,-50.23,0.07,2.6,0.3,54500,Perera+ 2019,PSR,
J2129-0429,21:29:45.039,0.001,-04:29:05.59,0.08,12.34,0.15,10.19,0.14,0.424,0.088,55196,,Binary PSR,
J2129+1210A,21:29:58.246512,4E-06,+12:10:01.2339,0.0001,-0.54,0.14,-4.33,0.25,*,0,55146,,PSR,
J2129+1210B,21:29:58.632,0.001,+12:10:00.31,0.03,1.7,3.3,-1.9,5.9,*,0,50000,,PSR,
J2129+1210C,21:30:01.2042,0.0001,+12:10:38.209,0.004,-1.3,0.5,-3.3,1,*,0,50000,,PSR,
J2129-5721,21:29:22.766966,1.2E-05,-57:21:14.21183,0.00012,9.25,0.02,-9.61,0.03,0.424,0.088,54500,Perera+ 2019, Jennings +2018,Binary PSR
J2144-3933,21:44:12.060404,4.5E-05,-39:33:56.88504,0.00032,-57.89,0.88,-155.9,0.54,6.05,0.56,54100,,PSR,
J2145-0750,21:45:50.4588,0.0001,-07:50:18.514,0.004,-9.58,0.03,-8.87,0.07,1.54,0.1,55000,Perera+ 2019,PSR,
J2149+6329,21:49:58.7033,0.0002,+63:29:44.277,0.002,15.81,0.11,11.16,0.19,0.36,0.07,44240,,PSR,
J2150+5247,21:50:37.7499,0.0001,+52:47:49.556,0.001,8.4,0.2,-4.5,0.3,0.03,0.12,49693,Deller + 2019,PSR,
J2157+4017,21:57:01.8495,0.0001,+40:17:45.986,0.002,16.13,0.1,4.12,0.12,0.28,0.06,52275,,PSR,
J2204+2700,22:04:43.609,0.003,+27:00:54.69,0.04,2,16,-3,3,*,0,56805,,PSR,
J2212+2933,22:12:23.3444,0.0001,+29:33:05.411,0.001,-5.53,0.08,-11.34,0.11,0.23,0.09,49686,,PSR,
J2214+3000,22:14:38.8525,0.00057,+30:00:38.193,0.0097,20.7,0.1,-1.6,0.2,1.1,0.2,56610,Perera+ 2019,PSR,
J2215+5135,22:15:32.6864,0.0001,+51:35:36.4063,0.0001,0.31,0.54,1.88,0.6,0.28,0.36,57205.875,Jennings+ 2018,Binary PSR,
J2219+4754,22:19:48.139,0.003,+47:54:53.93,0.03,-12,8,-30,6,*,0,46599,,PSR,
J2222-0137,22:22:05.969101,7E-06,-01:37:15.72441,0.0001,44.73,0.02,-5.68,0.06,3.742,0.016,55473,,PSR,
J2225+6535,22:25:52.8627,0.0003,+65:35:36.371,0.001,147.23,0.23,126.5,0.1,1.2,0.2,53880,,PSR,
J2229+2643,22:29:50.8845,0.001,+26:43:57.648,0.013,-1.7,0.1,-5.9,0.1,0.8,0.6,56937,Perera+ 2019,PSR,
J2234+0611,22:34:23.073090,2E-06,+06:11:28.68633,7E-05,25.3,0.02,9.71,0.05,1.03,0.04,56794.09,,PSR,
J2235+1506,22:35:43.7001,0.0001,+15:06:49.060,0.005,15,4,10,8,*,0,49250,,PSR,
J2240+5832,22:40:42.939,0.004,+58:32:37.52,0.04,-6.1,0.8,-21,0.4,*,0,54000,,PSR,
J2241-5236,22:41:42.01850,5E-05,-52:36:36.2260,0.0003,17.1,0.1,-3.32,0.05,*,0,55044.2,,PSR,
J2248-0101,22:48:26.8859,0.0001,-01:01:48.085,0.001,-10.5,0.07,-17.49,0.19,0.25,0.06,50866,,PSR,
J2301+5852,23:01:08.29,0.33,+58:52:44.45,0.6,-6.4,0.6,-2.3,0.6,*,0,54852,,PSR,
J2302+4442,23:02:46.9783,0.00078,+44:42:22.085,0.0095,-5,4,-7,5,1,1,56675,Perera+ 2019,PSR,
J2305+3100,23:05:58.3212,0.0001,+31:00:01.281,0.001,-3.7,0.04,-15.63,0.11,0.23,0.03,48714,,PSR,
J2308+5547,23:08:13.822,0.005,+55:47:36.03,0.04,-15,8,0,27,*,0,48717,,PSR,
J2313+4253,23:13:08.6209,0.0001,+42:53:13.043,0.002,24.15,0.1,5.95,0.13,0.93,0.07,52275,,PSR,
J2317+1439,23:17:09.2364,0.0001,+14:39:31.265,0.001,-1.33,0.3,3.51,0.5,0.1,0.1,54977,Perera+ 2019 ,PSR,
J2317+2149,23:17:57.8419,0.0001,+21:49:48.019,0.001,8.49,0.07,0.19,0.14,0.51,0.05,48716,,PSR,
J2321+6024,23:21:55.2139350,0.73,+60:24:31,5.5,-17,22,-7,19,*,0,49303,,PSR,
J2322+2057,23:22:22.33516,7E-05,+20:57:02.6772,0.0014,-18.5,0.3,-15.3,0.5,*,0,55000,Perera+ 2019,PSR,
J2322-2650,23:22:34.64004,3E-05,-26:50:58.3171,0.0006,-2.4,0.2,-8.3,0.4,4.4,1.2,56152,,PSR,
J2325+6316,23:25:13.3196,0.0002,+63:16:52.362,0.001,-5.92,0.08,-2.05,0.19,0.01,0.05,48309,Deller+ 2019,PSR,
J2330-2005,23:30:26.885,0.007,-20:05:29.63,0.17,74.7,1.9,5,3,*,0,49878,,PSR,
J2337+6151,23:37:05.762,0.01,+61:51:01.53,0.07,-1,18,-15,16,*,0,53100,,PSR,
J2339-0533,23:39:38.74,0.01,-05:33:05.32,0.03,4.15,0.48,-10.31,0.3,0.75,0.25,55100,,Binary PSR,
J2346-0609,23:46:50.4978,0.0001,-06:09:59.899,0.002,37.38,0.03,-20.21,0.09,0.27,0.03,51021,,PSR,
J2354+6155,23:54:04.7830,0.0001,+61:55:46.845,0.001,22.76,0.05,4.897,0.025,0.41,0.04,49405,,PSR,
4U 0142+61,01:46:22.41,0.028,61:45:03.19,0.2,-5.6,1.3,2.9,1.3,*,*,*,Tendulkar+ 2013,MAG,
J1550-5418,15:50:54.12386,0.00064,-54:18:24.1141,0.002,4.8,0.5,-7.9,0.3,*,0,54795,,MAG,
J1745-2900,17:45:40.1662,0.0008,-29:00:29.896,0.01,2.45,0.32,5.89,0.11,*,0,56899,,MAG,
J1809-1943,18:09:51.08696,0.0003,-19:43:51.9315,0.004,-6.6,0.06,-11.7,1,*,0,55444,,MAG,
J1808-2024,18:08:39.337,0.004,-20:24:39.85,0.06,-4.5,1.4,-6.9,2,*,0,53254,,MAG,
SGR 1900+14,19:07:14.33,0.01,09:19:20.10,0.2,-2.1,0.4,-0.6,0.5,*,*,*,Tendulkar+ 2012,MAG,
1E 2259+586,23:01:08.30,0.077,58:52:44.45,0.6,-9.9,1.1,-3,1.1,*,*,*,Tendulkar+ 2013,MAG,
J0720-3125,07:20:24.9620,0.0009,-31:25:50.083,0.011,-93.2,5.4,46.8,5.1,2.8,0.9,52645.1,Eisenbeiss+ 2010,XDINS,
J1308+2127,13:08:48.27,0.01,21:27:06.78,0.05,-207,20,84,20,*,0,53415.68,Motch+ 2009,XDINS,
J1605+3249,16:05:18.52,0.03,+32:49:18.0,0.3,-25,16,142,15,*,0,52111,,XDINS,
J1856-3754,18:56:35.41,0.16,-37:54:35.8,0.2,326.6,0.5,-61.9,0.4,6.2,0.6,50450,Walter+ 2010,XDINS,
