t[yr],B[G],L[erg/s],P_fill[s],Pdot_fill[s/s],chi[rad],P_vac[s],Pdot_vac[s/s],P_vacObs[s],Pdot_vacObs[s/s],bpol,etor,btorAvg
0.0,1000000000000.0,1.5728674e+36,0.001,1.0167366050510241e-12,1.0471975511965976,0.001,2.904961728717211e-13,0.001,4.3256347211812366e-13,300000000000000.0,50,52000000000000.0
1.0,999393910000.0,6.3366746e+34,0.001028392596195487,9.841699670129759e-13,1.0402299379303155,0.001008207149879161,2.878175601449801e-13,0.0010121968477376146,4.2688560292145934e-13,300000000000000.0,50,52000000000000.0
2.0,999309950000.0,6.1535806e+34,0.001058926936202756,9.520910458221806e-13,1.0328624340682442,0.0010172434104554467,2.8521253327128287e-13,0.0010255715839455543,4.212471235790282e-13,300000000000000.0,50,52000000000000.0
3.0,999225870000.0,6.0596631e+34,0.0010885000762636365,9.22765074425258e-13,1.0258462498666336,0.0010261991832519672,2.826758776073898e-13,0.0010387731398427043,4.1582361272979395e-13,300000000000000.0,50,52000000000000.0
4.0,999141590000.0,5.9835035e+34,0.0011171919243260526,8.958203293165441e-13,1.0191472077461274,0.0010350765498233167,2.8020422368669177e-13,0.001051808003466625,4.1060110768049196e-13,300000000000000.0,50,52000000000000.0
5.0,999057120000.0,5.9072121e+34,0.0011450714778909158,8.70953873909072e-13,1.0127362014211663,0.001043877455162334,2.777948607232458e-13,0.0010646821673289317,4.0556755107144664e-13,300000000000000.0,50,52000000000000.0
6.0,998972510000.0,5.8242663e+34,0.0011722001858876776,8.479118157509076e-13,1.0065877403661454,0.001052603863622389,2.754451808448329e-13,0.0010774014759179131,4.0071168041093763e-13,300000000000000.0,50,52000000000000.0
7.0,998887840000.0,5.7355296e+34,0.001198630141154722,8.264862500978079e-13,1.0006803696740858,0.001061257437891719,2.731529131839532e-13,0.0010899709804485242,3.960236706914367e-13,300000000000000.0,50,52000000000000.0
8.0,998803150000.0,5.6452567e+34,0.0012244106498859987,8.064944565764942e-13,0.9949942403229448,0.0010698401102243662,2.7091563539608537e-13,0.0011023961309205034,3.9149369197650285e-13,300000000000000.0,50,52000000000000.0
9.0,998718470000.0,5.5531713e+34,0.0012495837087497974,7.877852537914907e-13,0.9895125431483792,0.0010783535191834152,2.687312222232467e-13,0.001114681633210085,3.871131525112983e-13,300000000000000.0,50,52000000000000.0
10.0,998633860000.0,5.4578457e+34,0.0012741865932985785,7.702296550425455e-13,0.984220503726578,0.0010867991890923122,2.6659772475039405e-13,0.0011268318399253472,3.828742394570468e-13,300000000000000.0,50,52000000000000.0
20.0,997794870000.0,4.4990662e+34,0.001495081217424142,6.390414517655572e-13,0.9393472178697788,0.0011678489045515077,2.476792444629906e-13,0.0012417455139631765,3.46859356072473e-13,300000000000000.0,50,52000000000000.0
30.0,996994670000.0,3.4652737e+34,0.0016830341966158422,5.552296494162181e-13,0.9044289050666805,0.001243534973323115,2.3223180117812107e-13,0.0013467695298039729,3.192980154874834e-13,300000000000000.0,50,52000000000000.0
40.0,996236770000.0,2.9272114e+34,0.001848791196134371,4.959270049655146e-13,0.8757422023924358,0.001314784711687559,2.1931266190430806e-13,0.0014440608095246932,2.9733248282084105e-13,300000000000000.0,50,52000000000000.0
50.0,995508660000.0,2.6332266e+34,0.0019983053318931156,4.512113509243132e-13,0.8513569806773259,0.0013822830616778865,2.082987957531342e-13,0.001535086276023181,2.79293353484178e-13,300000000000000.0,50,52000000000000.0
60.0,994802500000.0,2.4477625e+34,0.002135295741416525,4.1598429018504954e-13,0.830130489199521,0.001446557261762977,1.9876135965991392e-13,0.0016209042043436883,2.6413133682424996e-13,300000000000000.0,50,52000000000000.0
70.0,994114170000.0,2.3136814e+34,0.002262249253151867,3.8733961284658915e-13,0.8113313435424511,0.001508018060948622,1.9039752741749177e-13,0.001702299434253602,2.5115510333571463e-13,300000000000000.0,50,52000000000000.0
80.0,993441310000.0,2.2081903e+34,0.0023809491404343914,3.634691542546387e-13,0.794455768649512,0.0015670006540231191,1.8298296917703347e-13,0.001779884855207563,2.3988220217140337e-13,300000000000000.0,50,52000000000000.0
90.0,992782350000.0,2.1210885e+34,0.0024927003300955833,3.4319615780624717e-13,0.7791469050530134,0.0016237747103673807,1.7635079798071249e-13,0.0018541379007035676,2.299699687748854e-13,300000000000000.0,50,52000000000000.0
100.0,992136080000.0,2.0470038e+34,0.0025984978521177305,3.2571391140693683e-13,0.7651406261362929,0.0016785632055876284,1.703732255693821e-13,0.001925442325537931,2.2116609551851747e-13,300000000000000.0,50,52000000000000.0
200.0,986166570000.0,1.6501878e+34,0.0034477281667744906,2.2666537094922332e-13,0.6671791591070314,0.002148378378534729,1.3151993383480662e-13,0.0025269119603771894,1.6650304797732246e-13,300000000000000.0,50,52000000000000.0
300.0,981144640000.0,8.1936703e+33,0.00408672892312255,1.8140745767625214e-13,0.6069836249065501,0.0025286856431825876,1.1060518207084055e-13,0.0030057282084669785,1.3855759146253273e-13,300000000000000.0,50,52000000000000.0
400.0,977567990000.0,3.2893076e+33,0.004615825909902975,1.5466932591591568e-13,0.5639019304587933,0.00285617765077033,9.720890386958955e-14,0.003414782450829413,1.2107033739996724e-13,300000000000000.0,50,52000000000000.0
500.0,974844480000.0,2.1022604e+33,0.0050755070113615,1.3665736259903343e-13,0.5305952729331419,0.0031480291622439133,8.770517516919432e-14,0.0037776157365488655,1.0883175245467485e-13,300000000000000.0,50,52000000000000.0
600.0,972511330000.0,1.6442709e+33,0.005486438897596909,1.2349691644454968e-13,0.5036156689354048,0.003413703776983784,8.049390035451947e-14,0.004106883170273795,9.962906953383799e-14,300000000000000.0,50,52000000000000.0
700.0,970409300000.0,1.3955866e+33,0.005860811367777935,1.1335534444769254e-13,0.48105750846761575,0.0036590768705969073,7.477225335140372e-14,0.0044103202305456335,9.237438603489924e-14,300000000000000.0,50,52000000000000.0
800.0,968468130000.0,1.2379069e+33,0.006206485237869649,1.0524278454453443e-13,0.461759476530759,0.0038880877446553553,7.008680796104355e-14,0.004693056586246687,8.646218503340024e-14,300000000000000.0,50,52000000000000.0
900.0,966648980000.0,1.1267189e+33,0.006528873584489849,9.857019035277416e-14,0.4449611755614113,0.004103534692448518,6.615766049288046e-14,0.004958706306620496,8.152287346126637e-14,300000000000000.0,50,52000000000000.0
1000.0,964927870000.0,1.0431343e+33,0.00683189003663592,9.29636103874054e-14,0.430137397701933,0.0043074934272570925,6.28019266321762e-14,0.005209933214577278,7.731700913397183e-14,300000000000000.0,50,52000000000000.0
2000.0,950696110000.0,7.143741e+32,0.009222889368500303,6.322900314702163e-14,0.33861477917901867,0.005952314681763835,4.4117375966400494e-14,0.00723001157988671,5.408365873439398e-14,300000000000000.0,50,52000000000000.0
3000.0,939670040000.0,5.8918625e+32,0.011002743315101142,5.0471158680053925e-14,0.29103781091838826,0.0072017830553459325,3.5621413848413594e-14,0.00876054840776522,4.360430250185423e-14,300000000000000.0,50,52000000000000.0
4000.0,930378160000.0,5.2049949e+32,0.012474198437487701,4.29927472721789e-14,0.2602922669326166,0.008243221693602044,3.050897602577649e-14,0.010034893353816318,3.731825332946282e-14,300000000000000.0,50,52000000000000.0
5000.0,922239920000.0,4.7536197e+32,0.013751353243584251,3.794076115712525e-14,0.23821519192348398,0.00915088163951037,2.700385535065209e-14,0.011144885328800702,3.301585515799693e-14,300000000000000.0,50,52000000000000.0
6000.0,914946860000.0,4.4261653e+32,0.01489163481502244,3.4239749761018516e-14,0.22133045973458693,0.009963158239602333,2.4412089183171684e-14,0.012137857534608313,2.98379786966087e-14,300000000000000.0,50,52000000000000.0
7000.0,908309480000.0,4.1731344e+32,0.015928960097875228,3.1378550946122817e-14,0.20785294945583044,0.010703125938829055,2.2395903339387847e-14,0.013042199106528386,2.7367671764941053e-14,300000000000000.0,50,52000000000000.0
8000.0,902200890000.0,3.9689672e+32,0.016885165200145512,2.908247644409487e-14,0.19676076554688254,0.011385816237852233,2.0770845323402286e-14,0.01387637949583108,2.53776632006589e-14,300000000000000.0,50,52000000000000.0
9000.0,896530560000.0,3.7987757e+32,0.01777535580973846,2.7187810258374245e-14,0.18741731242610152,0.012021717545544921,1.942562476181812e-14,0.01465327370279211,2.3731014596541284e-14,300000000000000.0,50,52000000000000.0
10000.0,891231300000.0,3.6533933e+32,0.018610475041146594,2.5590419080796107e-14,0.17940244850633819,0.012618477070398858,1.8288794329058562e-14,0.015382262310755618,2.2339901645615296e-14,300000000000000.0,50,52000000000000.0
11000.0,886251540000.0,3.5267381e+32,0.019398839642544432,2.42197071311407e-14,0.17242401892436626,0.013181936503884809,1.731154729827967e-14,0.01607050695202009,2.1144380344118165e-14,300000000000000.0,50,52000000000000.0
12000.0,881550470000.0,3.4146007e+32,0.020146625132752817,2.302857384237449e-14,0.16627796498906605,0.013716448119867053,1.6461164846189294e-14,0.016723341333007787,2.0104284415235472e-14,300000000000000.0,50,52000000000000.0
13000.0,877095270000.0,3.3140011e+32,0.02085917694363264,2.1979405451124622e-14,0.16080492708036184,0.014225794286130576,1.571134304604978e-14,0.017345398362001,1.9187349566195457e-14,300000000000000.0,50,52000000000000.0
14000.0,872859110000.0,3.222767e+32,0.021540366766894515,2.1047665709750374e-14,0.1558926970384736,0.014712718936736717,1.504489166569632e-14,0.017940038492725727,1.8372491744890276e-14,300000000000000.0,50,52000000000000.0
15000.0,868819530000.0,3.1392088e+32,0.022193471922300367,2.0213769574981913e-14,0.1514524396899645,0.015179549924448034,1.4448035129347195e-14,0.01851011178924708,1.7642823307788898e-14,300000000000000.0,50,52000000000000.0
16000.0,864957640000.0,3.0620545e+32,0.022821726692203177,1.945971223039588e-14,0.14740651235453323,0.015628590806137564,1.3908050153454026e-14,0.01905843732588814,1.6982757599669543e-14,300000000000000.0,50,52000000000000.0
17000.0,861257330000.0,2.9903047e+32,0.023427162591136617,1.8775273829255723e-14,0.1437036881829961,0.01606128837562818,1.3417721182128533e-14,0.019586785928787466,1.6383451268438766e-14,300000000000000.0,50,52000000000000.0
18000.0,857704640000.0,2.9244862e+32,0.02401176545846442,1.815072510482326e-14,0.14029837630838213,0.016479059411797958,1.2970154574778244e-14,0.020096891145422246,1.583646066723389e-14,300000000000000.0,50,52000000000000.0
19000.0,854286760000.0,2.8634752e+32,0.02457742742961705,1.7577310529964778e-14,0.1371507249516343,0.01688325568525859,1.2559131540386792e-14,0.0205904065547422,1.5334171815369903e-14,300000000000000.0,50,52000000000000.0
20000.0,850993090000.0,2.805665e+32,0.025125821054651762,1.7047878244963558e-14,0.1342275809290681,0.01727507317592991,1.2179564759345412e-14,0.021068794916360337,1.4870357225963917e-14,300000000000000.0,50,52000000000000.0
21000.0,847814500000.0,2.7506632e+32,0.02565798426617075,1.655822032609293e-14,0.13150643521921293,0.01765525394807336,1.1828462622644827e-14,0.02153296402458376,1.444135316838445e-14,300000000000000.0,50,52000000000000.0
22000.0,844742880000.0,2.6981409e+32,0.02617516396254835,1.610343435939608e-14,0.12896412793724946,0.018024690600312216,1.1502330610219758e-14,0.021984005396156647,1.4042883048011238e-14,300000000000000.0,50,52000000000000.0
23000.0,841771020000.0,2.6478216e+32,0.02667849507183335,1.567931610131703e-14,0.12658068461624483,0.01838419602309003,1.1198168766627963e-14,0.022422912950542107,1.3671276112959996e-14,300000000000000.0,50,52000000000000.0
24000.0,838892510000.0,2.5994784e+32,0.027168914068427006,1.5282583160903083e-14,0.12433989043435885,0.01873444120194949,1.0913633386931541e-14,0.022850507066781753,1.33236646531249e-14,300000000000000.0,50,52000000000000.0
25000.0,836101510000.0,2.5528967e+32,0.027647036069405568,1.4911110831948105e-14,0.1222300596714351,0.019075866929246316,1.064720723326226e-14,0.023267326784269782,1.2998191629603763e-14,300000000000000.0,50,52000000000000.0
26000.0,833392780000.0,2.507904e+32,0.028113732366545633,1.456203536980522e-14,0.12023766883115498,0.019409097927309965,1.0396842380012173e-14,0.02367413574613109,1.2692352193172303e-14,300000000000000.0,50,52000000000000.0
27000.0,830761540000.0,2.4643509e+32,0.028569944127116373,1.4232501850249825e-14,0.1183495766345037,0.01973480918817319,1.0160495724490889e-14,0.024071758888178106,1.2403648003131401e-14,300000000000000.0,50,52000000000000.0
28000.0,828203480000.0,2.4221078e+32,0.0290156869927728,1.3922346694697257e-14,0.1165622477017085,0.020053012020227325,9.938050794376109e-15,0.02446021037220432,1.2131934988791025e-14,300000000000000.0,50,52000000000000.0
29000.0,825714640000.0,2.3810619e+32,0.029452076709727302,1.3628411527354591e-14,0.11486217247134002,0.020364506785495177,9.727245620524654e-15,0.024840468136173684,1.1874448176107987e-14,300000000000000.0,50,52000000000000.0
30000.0,823291400000.0,2.3411188e+32,0.029879516597176428,1.334959232578302e-14,0.11324316862931275,0.020669582948228748,9.527289117494004e-15,0.02521288599901045,1.1630219901017197e-14,300000000000000.0,50,52000000000000.0
31000.0,820930480000.0,2.3021919e+32,0.0302980833024156,1.308557761502621e-14,0.11170219241678782,0.020968295739081412,9.337957778659583e-15,0.025577531659206516,1.139897604989667e-14,300000000000000.0,50,52000000000000.0
32000.0,818628780000.0,2.2641987e+32,0.030708568114403877,1.283434771216936e-14,0.11023028153206527,0.021261212894411612,9.157804109029703e-15,0.025935098750206925,1.117894743928928e-14,300000000000000.0,50,52000000000000.0
33000.0,816383470000.0,2.227072e+32,0.031111321082151963,1.2595019126596411e-14,0.10882268669866296,0.02154858572818879,8.986194422929055e-15,0.02628589439361048,1.0969359214801763e-14,300000000000000.0,50,52000000000000.0
34000.0,814191940000.0,2.1907522e+32,0.03150668640960518,1.2366746626270672e-14,0.10747495066415605,0.02183066136194219,8.822522366106835e-15,0.0266302205655583,1.0769470029257636e-14,300000000000000.0,50,52000000000000.0
35000.0,812051760000.0,2.1551869e+32,0.03189500229119984,1.2148726521393033e-14,0.10618289342716483,0.022107682599748404,8.666211297380142e-15,0.026968373945861972,1.0578574936020113e-14,300000000000000.0,50,52000000000000.0
36000.0,809960680000.0,2.1203292e+32,0.032276600827112874,1.194019893540438e-14,0.10494259780066044,0.02237988786102356,8.516715938725689e-15,0.027300645837607898,1.0396007390318065e-14,300000000000000.0,50,52000000000000.0
37000.0,807916600000.0,2.0861373e+32,0.03265180801078983,1.1740448299184586e-14,0.1037503953694638,0.02264751116573423,8.373522750197059e-15,0.027627322150662395,1.0221139694993683e-14,300000000000000.0,50,52000000000000.0
38000.0,805917580000.0,2.0525797e+32,0.03302062831587299,1.1549380319453097e-14,0.10260510968447531,0.02291055604557513,8.236563418527197e-15,0.027948407310314095,1.0053888020418269e-14,300000000000000.0,50,52000000000000.0
39000.0,803961800000.0,2.0196185e+32,0.033383497861947165,1.1366093851216974e-14,0.10150251186968098,0.023169335442233784,8.105191433900337e-15,0.028264283580093405,9.893462367726624e-15,300000000000000.0,50,52000000000000.0
40000.0,802047530000.0,1.987222e+32,0.03374082324747486,1.1189802849309691e-14,0.10043883479097208,0.02342414108103038,7.978842786019556e-15,0.02857530728989867,9.73917357588992e-15,300000000000000.0,50,52000000000000.0
41000.0,800173170000.0,1.9553635e+32,0.034092751749434665,1.1020207489066806e-14,0.09941227266313535,0.023675078791154422,7.857301939715902e-15,0.028881607748301598,9.590758147933905e-15,300000000000000.0,50,52000000000000.0
42000.0,798337190000.0,1.9240196e+32,0.03443912053294137,1.0857502779354938e-14,0.09842309427190084,0.023922032185474514,7.74070800440723e-15,0.02918304291379191,9.448385739693858e-15,300000000000000.0,50,52000000000000.0
43000.0,796538200000.0,1.8931688e+32,0.03478075186408499,1.0700286311487796e-14,0.09746513799569892,0.02416559077229464,7.628055341212207e-15,0.02948033270285772,9.310827940101632e-15,300000000000000.0,50,52000000000000.0
44000.0,794774840000.0,1.8627916e+32,0.03511721460141265,1.0549196318533726e-14,0.09654057193606978,0.02440544587965298,7.51980076375589e-15,0.029773100263163998,9.17864247436718e-15,300000000000000.0,50,52000000000000.0
45000.0,793045870000.0,1.8328708e+32,0.035449207807303235,1.0403091441854545e-14,0.09564430500123262,0.024642098652157166,7.41512577530095e-15,0.03006195758556196,9.05082955756888e-15,300000000000000.0,50,52000000000000.0
46000.0,791350090000.0,1.8033922e+32,0.03577644504301499,1.026236112681044e-14,0.094777595399178,0.02487534411119815,7.314308956865557e-15,0.030346654432472055,8.9277292668389e-15,300000000000000.0,50,52000000000000.0
47000.0,789686400000.0,1.7743445e+32,0.03609959297396619,1.0125981958189813e-14,0.0939358273881134,0.025105660091535056,7.216616411140997e-15,0.030627774305831364,8.80844519819402e-15,300000000000000.0,50,52000000000000.0
48000.0,788053720000.0,1.7457103e+32,0.03641811362345667,9.994677066099939e-15,0.09312176440775626,0.025332661452365478,7.122565885831436e-15,0.030904846987609987,8.693609521010935e-15,300000000000000.0,50,52000000000000.0
49000.0,786451030000.0,1.7174785e+32,0.036732866047138546,9.86720531232437e-15,0.09232986418386879,0.025556963746750348,7.031267546081979e-15,0.03117862411378586,8.582135446115506e-15,300000000000000.0,50,52000000000000.0
50000.0,784877370000.0,1.689639e+32,0.037043486369256154,9.744026746951181e-15,0.09156184319371242,0.02577830656561066,6.9430506484842556e-15,0.031448787765533996,8.474424965535035e-15,300000000000000.0,50,52000000000000.0
51000.0,783331840000.0,1.6621824e+32,0.03735020580857596,9.624791835490688e-15,0.09081598176210968,0.025996855711719256,6.857664343427655e-15,0.031715540421916294,8.370171655046759e-15,300000000000000.0,50,52000000000000.0
52000.0,781813550000.0,1.6351002e+32,0.03765341374925975,9.508965831999397e-15,0.0900897419044331,0.026212890226411142,6.7747250933763164e-15,0.031979222815373486,8.268907070699218e-15,300000000000000.0,50,52000000000000.0
53000.0,780321680000.0,1.6083849e+32,0.03795295513572069,9.396715328671993e-15,0.08938365866684124,0.026426299262313383,6.694351928939675e-15,0.03223969963704387,8.170776496065776e-15,300000000000000.0,50,52000000000000.0
54000.0,778855440000.0,1.5820298e+32,0.03824878743903416,9.288052589201849e-15,0.08869763015074893,0.026637052558908657,6.616553314536531e-15,0.03249693397209425,8.075790197975544e-15,300000000000000.0,50,52000000000000.0
55000.0,777414080000.0,1.5560293e+32,0.03854135695567337,9.182406074627585e-15,0.08802896266148483,0.026845469833523067,6.5409194324919965e-15,0.032751316201213306,7.983447672622013e-15,300000000000000.0,50,52000000000000.0
56000.0,775996900000.0,1.530381e+32,0.038830729366850614,9.079677075095084e-15,0.08737705786904366,0.027051598264760175,6.467379278419437e-15,0.033002903949269316,7.893662162351874e-15,300000000000000.0,50,52000000000000.0
57000.0,774603210000.0,1.505075e+32,0.039116970029880925,8.97976784297277e-15,0.08674133528894364,0.02725548479221841,6.395862555688348e-15,0.03325175454777519,7.80634777845745e-15,300000000000000.0,50,52000000000000.0
58000.0,773232330000.0,1.4801068e+32,0.03939983761992764,8.882917537448353e-15,0.08612276998073348,0.027456956834506024,6.326540354225308e-15,0.033497657316855285,7.721713389408807e-15,300000000000000.0,50,52000000000000.0
59000.0,771883640000.0,1.4554718e+32,0.03967967924692877,8.788710263861424e-15,0.08551936325313336,0.027656263006547322,6.2591144706949455e-15,0.033740915810683086,7.639394817804117e-15,300000000000000.0,50,52000000000000.0
60000.0,770556520000.0,1.431166e+32,0.039956624602401285,8.69698272777665e-15,0.08493026077791693,0.027853496273479755,6.193467697183532e-15,0.03398164354795739,7.55924890514456e-15,300000000000000.0,50,52000000000000.0
61000.0,769250400000.0,1.4071859e+32,0.04023073631991384,8.607647818590285e-15,0.08435496154733418,0.028048701594279166,6.129537419496004e-15,0.03421989543579168,7.481199160001777e-15,300000000000000.0,50,52000000000000.0
62000.0,767964720000.0,1.3835279e+32,0.04050207652555803,8.52062034860927e-15,0.08379298015854265,0.028241923557979005,6.067262414311055e-15,0.034455725928401355,7.40517079241928e-15,300000000000000.0,50,52000000000000.0
63000.0,766698950000.0,1.3601898e+32,0.04077070680902429,8.435817106252802e-15,0.08324384645130767,0.028433206363067263,6.006582886778874e-15,0.0346891890020001,7.33109075961433e-15,300000000000000.0,50,52000000000000.0
64000.0,765452550000.0,1.3371677e+32,0.04103668819753452,8.353156920090228e-15,0.08270710514489273,0.028622593798932238,5.947440515783135e-15,0.0349203381321962,7.258887821040087e-15,300000000000000.0,50,52000000000000.0
65000.0,764225050000.0,1.3144601e+32,0.04130008113370427,8.272561276636917e-15,0.08218231547273276,0.028810129230119566,5.889778893409928e-15,0.03514922627481932,7.188493074584338e-15,300000000000000.0,50,52000000000000.0
66000.0,763015990000.0,1.292064e+32,0.0415609454747932,8.193953822043963e-15,0.08166905078138463,0.028995855595829054,5.833543169666363e-15,0.03537590586534664,7.119839522773836e-15,300000000000000.0,50,52000000000000.0
67000.0,761824870000.0,1.2699745e+32,0.041819340477711214,8.117259764125745e-15,0.08116689816638577,0.02917981539927827,5.778679626326852e-15,0.03560042880596037,7.052861552492691e-15,300000000000000.0,50,52000000000000.0
68000.0,760651250000.0,1.2481889e+32,0.04207532476805969,8.042406995406515e-15,0.08067545814614893,0.029362050685710368,5.7251364760237565e-15,0.03582284643874469,6.987495910119153e-15,300000000000000.0,50,52000000000000.0
69000.0,759494710000.0,1.2267046e+32,0.04232895634685002,7.969325834219541e-15,0.08019434426968781,0.02954260304723536,5.672863677364913e-15,0.036043209551632094,6.923681475723005e-15,300000000000000.0,50,52000000000000.0
70000.0,758354830000.0,1.2055193e+32,0.042580292591125495,7.897948629394677e-15,0.07972318274584439,0.0297215136233365,5.621812652981898e-15,0.03626156837905789,6.8613589188002705e-15,300000000000000.0,50,52000000000000.0
71000.0,757231200000.0,1.1846302e+32,0.04282939024481407,7.828209882352525e-15,0.07926161209996413,0.029898823094428435,5.571936375926015e-15,0.03647797259413352,6.800470803582507e-15,300000000000000.0,50,52000000000000.0
72000.0,756123430000.0,1.1640348e+32,0.04307630541587304,7.760046395935736e-15,0.07880928282700647,0.03007457167990057,5.5231894750572e-15,0.03669247130629307,6.740961717530818e-15,300000000000000.0,50,52000000000000.0
73000.0,755031150000.0,1.1437306e+32,0.04332109358046288,7.693397167934392e-15,0.07836585704055468,0.030248799141168743,5.4755281586889585e-15,0.0369051130650514,6.68277817801866e-15,300000000000000.0,50,52000000000000.0
74000.0,753953990000.0,1.1237153e+32,0.04356380958638619,7.628203332870822e-15,0.07793100813243051,0.030421544784207725,5.428910172589188e-15,0.03711594586312768,6.625868580951802e-15,300000000000000.0,50,52000000000000.0
75000.0,752891610000.0,1.1039871e+32,0.04380450765702389,7.564408145708789e-15,0.07750442044053124,0.03059284746244102,5.383294787824096e-15,0.03732501714000397,6.570183185817079e-15,300000000000000.0,50,52000000000000.0
76000.0,751843670000.0,1.0845452e+32,0.0440432413970311,7.501956890137231e-15,0.0770857889225179,0.03076274558088623,5.3386427349275335e-15,0.03753237378701533,6.515674035228057e-15,300000000000000.0,50,52000000000000.0
77000.0,750809840000.0,1.0653846e+32,0.044280063798239434,7.440797877667155e-15,0.07667481883805345,0.03093127710044997,5.2949169142769784e-15,0.0377380621526214,6.462295821812515e-15,300000000000000.0,50,52000000000000.0
78000.0,749789780000.0,1.0465028e+32,0.04451493030849484,7.380951477005012e-15,0.07627160514769658,0.03109841024054827,5.252131840897044e-15,0.03794204344817044,6.410066257765222e-15,300000000000000.0,50,52000000000000.0
79000.0,748783190000.0,1.0278975e+32,0.04474770918156978,7.322502256427921e-15,0.07587656968761669,0.03126405089807503,5.21034798091259e-15,0.038144202806583455,6.359059156192787e-15,300000000000000.0,50,52000000000000.0
80000.0,747789750000.0,1.0095662e+32,0.04497870223631041,7.265210703085875e-15,0.07548845084565171,0.031428414918867054,5.169393760335808e-15,0.038344803727301924,6.3090650287558534e-15,300000000000000.0,50,52000000000000.0
81000.0,746809170000.0,9.9150703e+31,0.04520796048836349,7.2090291637672e-15,0.07510698695130358,0.031591538831742316,5.129235000317393e-15,0.03854389080823442,6.2600421384899146e-15,300000000000000.0,50,52000000000000.0
82000.0,745841170000.0,9.7371729e+31,0.045435534319755756,7.153912954025457e-15,0.07473192543816931,0.03175345870702711,5.089839647641177e-15,0.0387415080869819,6.21195134408901e-15,300000000000000.0,50,52000000000000.0
83000.0,744885470000.0,9.5619453e+31,0.04566147353248055,7.0998216925450214e-15,0.07436302248761022,0.03191421019479423,5.0511787232450255e-15,0.038937699087531766,6.164757257439772e-15,300000000000000.0,50,52000000000000.0
84000.0,743941790000.0,9.3893609e+31,0.045885622011614294,7.0468511414054775e-15,0.07400079936888115,0.03207368177119101,5.013320748940247e-15,0.039132327676158034,6.1185435310185594e-15,300000000000000.0,50,52000000000000.0
85000.0,743009870000.0,9.2193953e+31,0.04610789220756772,6.995047248828813e-15,0.07364549817888988,0.03223181094138571,4.976298552313933e-15,0.03932531757190365,6.073350235249204e-15,300000000000000.0,50,52000000000000.0
86000.0,742089460000.0,9.0520304e+31,0.046328646098631084,6.944155912678831e-15,0.07329572721778631,0.03238885646612501,4.939930150510748e-15,0.03951698465264104,6.028955181746709e-15,300000000000000.0,50,52000000000000.0
87000.0,741180330000.0,8.8872486e+31,0.04654793166999104,6.894137011417276e-15,0.07295127081298367,0.032544852678502705,4.904186790701058e-15,0.039707370832742006,5.985323262771841e-15,300000000000000.0,50,52000000000000.0
88000.0,740282210000.0,8.7250062e+31,0.0467657962630154,6.8449564907987885e-15,0.07261192108409859,0.03269983344642866,4.869044047111839e-15,0.039896517458229926,5.942424652578264e-15,300000000000000.0,50,52000000000000.0
89000.0,739394870000.0,8.5652775e+31,0.04698172820782981,6.796935560259457e-15,0.07227943727605983,0.03285343320545251,4.834731809055722e-15,0.040083978291203824,5.9005400108330066e-15,300000000000000.0,50,52000000000000.0
90000.0,738518080000.0,8.4080353e+31,0.04719621295464111,6.7497455356803e-15,0.07195203418085491,0.03300599890283201,4.8010147554494174e-15,0.040270176854387996,5.8593820358402084e-15,300000000000000.0,50,52000000000000.0
91000.0,737651600000.0,8.2532555e+31,0.04740938939261475,6.703297200194376e-15,0.07162919211147485,0.03315762981141307,4.767828976398471e-15,0.04045523433214939,5.81887269784359e-15,300000000000000.0,50,52000000000000.0
92000.0,736795210000.0,8.1009102e+31,0.04762130313977897,6.657558280511832e-15,0.07131072788030282,0.03330835855008259,4.735151348390241e-15,0.040639190544147906,5.778983763787176e-15,300000000000000.0,50,52000000000000.0
93000.0,735948710000.0,7.9509738e+31,0.047831274758894586,6.6129384788532795e-15,0.07099891618776964,0.03345769975738808,4.703275069316573e-15,0.04082145302396781,5.740073179609495e-15,300000000000000.0,50,52000000000000.0
94000.0,735111870000.0,7.8034196e+31,0.048040021497657015,6.568985532703149e-15,0.07069125107200168,0.03360616591311292,4.671876403542866e-15,0.0410026473500013,5.701745708392155e-15,300000000000000.0,50,52000000000000.0
95000.0,734284500000.0,7.658222e+31,0.048247614043360976,6.5256614979649e-15,0.07038747534842958,0.03375380753516568,4.640928144088088e-15,0.04118283518981519,5.663968130793067e-15,300000000000000.0,50,52000000000000.0
96000.0,733466320000.0,7.5209759e+31,0.048453706131389315,6.483156231623063e-15,0.07008871676084946,0.03390037730035087,4.6105661932779066e-15,0.041361714646107085,5.6269063619669375e-15,300000000000000.0,50,52000000000000.0
97000.0,732656910000.0,7.3874039e+31,0.04865827559869782,6.441466537233191e-15,0.06979498814047871,0.034045859441827836,4.580788240373607e-15,0.041539266478271775,5.590557577142699e-15,300000000000000.0,50,52000000000000.0
98000.0,731856120000.0,7.2558072e+31,0.048861796160176774,6.400328739854975e-15,0.06950469827881453,0.03419059236749919,4.551405486157921e-15,0.041715903771330255,5.554691277038779e-15,300000000000000.0,50,52000000000000.0
99000.0,731063770000.0,7.1261639e+31,0.04906408109005648,6.359834161402949e-15,0.06921844101131866,0.0343344427221286,4.52248332926448e-15,0.04189146374528583,5.5193873043006445e-15,300000000000000.0,50,52000000000000.0
100000.0,730279680000.0,6.9984459e+31,0.049264718240890036,6.320202856054939e-15,0.068937495485733,0.03447711619516249,4.494179216383389e-15,0.04206558715294667,5.4848378698221085e-15,300000000000000.0,50,52000000000000.0
101000.0,729503680000.0,6.8726346e+31,0.04946440907539042,6.281052682497231e-15,0.06865957284131756,0.03461911381783734,4.46621958844831e-15,0.04223888558302622,5.4507090000970756e-15,300000000000000.0,50,52000000000000.0
102000.0,728735610000.0,6.7487098e+31,0.04966295726975842,6.2424777922877306e-15,0.06838528951604059,0.0347602953893024,4.438671867980497e-15,0.04241118790013945,5.4170830082648495e-15,300000000000000.0,50,52000000000000.0
103000.0,727975320000.0,6.626652e+31,0.04985990096924594,6.204717422542702e-15,0.06811605367426626,0.034900331133100315,4.411707220442066e-15,0.04258209156824934,5.3841688519868214e-15,300000000000000.0,50,52000000000000.0
104000.0,727222640000.0,6.5064409e+31,0.05005599833139383,6.167376465365177e-15,0.06784945735651994,0.03503976250275444,4.385042822304264e-15,0.04275225751203065,5.351621250604218e-15,300000000000000.0,50,52000000000000.0
105000.0,726477420000.0,6.388057e+31,0.050250878877745965,6.1306327569927055e-15,0.06758664309550082,0.0351783249521312,4.358805991019527e-15,0.04292136281657427,5.319595637722227e-15,300000000000000.0,50,52000000000000.0
106000.0,725739520000.0,6.2714803e+31,0.050444362239841264,6.094570400921296e-15,0.06732811839894307,0.035315889742609505,4.333056876084629e-15,0.043089250343051506,5.288165440710505e-15,300000000000000.0,50,52000000000000.0
107000.0,725008800000.0,6.1566911e+31,0.05063709674258866,6.0588712431401756e-15,0.06707188025860455,0.035452919824935814,4.3075677311451234e-15,0.04325648518678982,5.257052620372327e-15,300000000000000.0,50,52000000000000.0
108000.0,724285100000.0,6.0436695e+31,0.05082837731286482,6.023872537003934e-15,0.06682005184905337,0.035588911790134695,4.282579932340325e-15,0.04342245287252472,5.226551851339387e-15,300000000000000.0,50,52000000000000.0
109000.0,723568300000.0,5.9323947e+31,0.05101862768849445,5.989354744895755e-15,0.0665713102803743,0.03572416823395581,4.2579363627337405e-15,0.04358752276138535,5.196471322571985e-15,300000000000000.0,50,52000000000000.0
110000.0,722858260000.0,5.8228468e+31,0.051208133483990614,5.955184536647006e-15,0.06632479974676836,0.03585889307473718,4.233541587103338e-15,0.04375194376149594,5.1666945252926646e-15,300000000000000.0,50,52000000000000.0
111000.0,722154860000.0,5.7150133e+31,0.051395971429962786,5.921801277779056e-15,0.06608322528719177,0.03599242720533537,4.20970996119054e-15,0.0439149113546853,5.1376052202673256e-15,300000000000000.0,50,52000000000000.0
112000.0,721457980000.0,5.6088753e+31,0.05158321061508184,5.8886922948735545e-15,0.06584340494966882,0.03612553389030691,4.1860746217439046e-15,0.044077357199979565,5.108755541572841e-15,300000000000000.0,50,52000000000000.0
113000.0,720767480000.0,5.5044021e+31,0.051769215596382166,5.856145622965501e-15,0.0656071936936231,0.036257759505160414,4.162841706345125e-15,0.04423872759567547,5.0803971418235246e-15,300000000000000.0,50,52000000000000.0
114000.0,720083230000.0,5.4015748e+31,0.05195416805053938,5.824070310879489e-15,0.06537402269261942,0.03638923379053421,4.1399461078003904e-15,0.04439918090880283,5.0524505361894344e-15,300000000000000.0,50,52000000000000.0
115000.0,719405120000.0,5.3003738e+31,0.05213844693191266,5.792296649111614e-15,0.06514279732604991,0.03652022725686916,4.117266377752669e-15,0.04455904732793619,5.024767461344472e-15,300000000000000.0,50,52000000000000.0
116000.0,718733020000.0,5.200779e+31,0.052321181704986335,5.761213481129474e-15,0.06491597759875901,0.036650118553751464,4.095080705511222e-15,0.04471756842949366,4.997687523092915e-15,300000000000000.0,50,52000000000000.0
117000.0,718066820000.0,5.1027707e+31,0.05250346205198779,5.730330710729544e-15,0.06469044453554332,0.03677968549797961,4.0730384188876816e-15,0.04487569362427178,4.970782626982586e-15,300000000000000.0,50,52000000000000.0
118000.0,717406400000.0,5.0063295e+31,0.05268433603510233,5.700063106554653e-15,0.06446887576055434,0.03690824865316367,4.05143628430363e-15,0.045032593589740814,4.944415058559443e-15,300000000000000.0,50,52000000000000.0
119000.0,716751650000.0,4.911436e+31,0.05286451970523819,5.670091059373553e-15,0.06424922923238018,0.037036319128656785,4.0300456162350865e-15,0.045188892190311816,4.91830564280402e-15,300000000000000.0,50,52000000000000.0
120000.0,716102450000.0,4.818071e+31,0.05304371486313978,5.640542242978084e-15,0.06403233531722717,0.037163684098216895,4.0089577633303625e-15,0.04534432965024465,4.892565895703603e-15,300000000000000.0,50,52000000000000.0
121000.0,715458710000.0,4.7262156e+31,0.05322186876752197,5.6114329414876986e-15,0.06381830543445985,0.03729030596521888,3.988184354349747e-15,0.045498860082231,4.867210011213201e-15,300000000000000.0,50,52000000000000.0
122000.0,714820320000.0,4.63585e+31,0.053399400294863515,5.582586346418803e-15,0.06360598743834384,0.037416483665682725,3.967598894485547e-15,0.04565284836635556,4.8420835687086214e-15,300000000000000.0,50,52000000000000.0
123000.0,714187180000.0,4.5469555e+31,0.05357559036893903,5.554297584191423e-15,0.06339731413054545,0.037541704080466864,3.947412500822919e-15,0.04580566819547594,4.817444290298844e-15,300000000000000.0,50,52000000000000.0
124000.0,713559180000.0,4.4595129e+31,0.053751473351604385,5.526136523523444e-15,0.06318947518090427,0.037666705349182525,3.9273174631588126e-15,0.04595822053671283,4.7929165356466526e-15,300000000000000.0,50,52000000000000.0
125000.0,712936220000.0,4.3735027e+31,0.053925764778110584,5.498631584737339e-15,0.06298590763971074,0.037790570922714685,3.907691756068486e-15,0.04610938666244288,4.768961717041923e-15,300000000000000.0,50,52000000000000.0
126000.0,712318250000.0,4.2889214e+31,0.054099840788322785,5.4712139003441785e-15,0.06278291259033064,0.037914282787866314,3.88812846190803e-15,0.04626036517412125,4.7450830889317344e-15,300000000000000.0,50,52000000000000.0
127000.0,711705150000.0,4.2057356e+31,0.054272471641427844,5.4443790534292475e-15,0.06258374902411815,0.038036963486004896,3.868982068799162e-15,0.046410085060238374,4.7217133918684085e-15,300000000000000.0,50,52000000000000.0
128000.0,711096830000.0,4.1239255e+31,0.05444476268770879,5.41767884423547e-15,0.0623854753683644,0.03815940173539555,3.849931976803604e-15,0.04655950901835693,4.698461253676719e-15,300000000000000.0,50,52000000000000.0
129000.0,710493190000.0,4.0434731e+31,0.0546157896552667,5.391479486309409e-15,0.062190512172544204,0.03828093807734367,3.831240124194979e-15,0.04670783212663962,4.675646433566363e-15,300000000000000.0,50,52000000000000.0
130000.0,709894150000.0,3.9643603e+31,0.0547863587299936,5.365458610442997e-15,0.06199673344826122,0.03840214773703752,3.81267592551233e-15,0.04685575649451812,4.6529874453242845e-15,300000000000000.0,50,52000000000000.0
131000.0,709299600000.0,3.8865689e+31,0.0549557962204971,5.339878814823288e-15,0.061805881892114195,0.03852255007139241,3.794427196212275e-15,0.04700269546074786,4.630713562224085e-15,300000000000000.0,50,52000000000000.0
132000.0,708709470000.0,3.8105841e+31,0.055124705483470184,5.3145015390483896e-15,0.061616379983812794,0.03864257556609796,3.7763233049682554e-15,0.047149174467154706,4.608616487499482e-15,300000000000000.0,50,52000000000000.0
133000.0,708123670000.0,3.735979e+31,0.05529256772194394,5.289525687332075e-15,0.06142955327564476,0.03876185410930544,3.758506504010846e-15,0.04729474176567899,4.5868698729275105e-15,300000000000000.0,50,52000000000000.0
134000.0,707542090000.0,3.662515e+31,0.0554598785667269,5.264757616030092e-15,0.06124411809154129,0.03888073930970523,3.7408382956550864e-15,0.04743982896261524,4.56530464925202e-15,300000000000000.0,50,52000000000000.0
135000.0,706964670000.0,3.5902759e+31,0.05562617959044279,5.240370073274616e-15,0.0610612313412323,0.038998904143041725,3.723442219429344e-15,0.04758403690266842,4.544071624424095e-15,300000000000000.0,50,52000000000000.0
136000.0,706391310000.0,3.5192449e+31,0.05579195265121293,5.216178172418378e-15,0.06087966056766321,0.03911669237084068,3.706186047292705e-15,0.047727785171550643,4.523009383455268e-15,300000000000000.0,50,52000000000000.0
137000.0,705821950000.0,3.4494056e+31,0.05595670628506605,5.19236403030409e-15,0.06070063077186848,0.03923375342294453,3.689200011527153e-15,0.04787064587593912,4.502276903626611e-15,300000000000000.0,50,52000000000000.0
138000.0,705256520000.0,3.3807419e+31,0.056121001449327676,5.168716926309051e-15,0.060522729628608024,0.039350487460082184,3.672333418691074e-15,0.04801310743886317,4.481690229669718e-15,300000000000000.0,50,52000000000000.0
139000.0,704694930000.0,3.3132377e+31,0.05628422132812418,5.145461590198033e-15,0.060347475604562884,0.03946645452281946,3.655746964927154e-15,0.04815463286333181,4.4614455259057085e-15,300000000000000.0,50,52000000000000.0
140000.0,704137120000.0,3.246877e+31,0.05644709777104555,5.122329296272692e-15,0.06017305658412878,0.039582176636043354,3.6392484892993326e-15,0.04829585931308252,4.441308217987316e-15,300000000000000.0,50,52000000000000.0
141000.0,703583020000.0,3.1816439e+31,0.05660879733669799,5.099618640160761e-15,0.06000149893270252,0.03969705936254268,3.623051494897062e-15,0.04843606124392015,4.421538931404581e-15,300000000000000.0,50,52000000000000.0
142000.0,703032580000.0,3.1175276e+31,0.05677031354148627,5.076972675904229e-15,0.05983038156325834,0.0398118113180561,3.606900753726389e-15,0.04857610356186707,4.4018261063750775e-15,300000000000000.0,50,52000000000000.0
143000.0,702485750000.0,3.0545157e+31,0.05693050605084978,5.054793726860556e-15,0.059662442621489745,0.03992561922830374,3.591083918001271e-15,0.04871499362273823,4.382520881408042e-15,300000000000000.0,50,52000000000000.0
144000.0,701942450000.0,2.9925851e+31,0.0570906985602133,5.032614777816882e-15,0.05949450367972115,0.04003942713855138,3.575267082276153e-15,0.04885388368360938,4.363215656441006e-15,300000000000000.0,50,52000000000000.0
145000.0,701402630000.0,2.9317195e+31,0.05724941841328881,5.01094940057544e-15,0.05933005697879882,0.04015218482939768,3.5598174063321936e-15,0.04899149190011166,4.344358622824119e-15,300000000000000.0,50,52000000000000.0
146000.0,700866200000.0,2.8719037e+31,0.05740811699309961,4.989291442138361e-15,0.05916566072506131,0.040264927349293704,3.5443730341969206e-15,0.049129081599723894,4.325508063557908e-15,300000000000000.0,50,52000000000000.0
147000.0,700333110000.0,2.8131226e+31,0.05756560472803897,4.968045808029085e-15,0.0590041003566756,0.04037680641112894,3.5292234352722075e-15,0.049265617409465674,4.30701733264291e-15,300000000000000.0,50,52000000000000.0
148000.0,699803290000.0,2.7553614e+31,0.05772282250911638,4.946892100265858e-15,0.05884317223955577,0.040488492967843466,3.5141395550604895e-15,0.04940191825794421,4.288606824269492e-15,300000000000000.0,50,52000000000000.0
149000.0,699276690000.0,2.6986054e+31,0.05787913448253756,4.9260414763199035e-15,0.05868433910860224,0.040599533628607534,3.4992723401737318e-15,0.04953743076332817,4.270460797272325e-15,300000000000000.0,50,52000000000000.0
150000.0,698753250000.0,2.6428401e+31,0.05803488416786441,4.905378994327558e-15,0.058526806458795017,0.04071017334376177,3.48453962219903e-15,0.04967245389778082,4.252478949422921e-15,300000000000000.0,50,52000000000000.0
151000.0,698232920000.0,2.5880505e+31,0.0581900761251497,4.884899829085117e-15,0.058370547594201974,0.040820415388880725,3.4699379451951824e-15,0.0498069916606896,4.234657061482604e-15,300000000000000.0,50,52000000000000.0
152000.0,697715630000.0,2.5342234e+31,0.05834437021823428,4.8647157781902914e-15,0.058216339345783824,0.0409300172408199,3.4555472258405664e-15,0.049940748043246656,4.217092686640457e-15,300000000000000.0,50,52000000000000.0
153000.0,697201340000.0,2.4813444e+31,0.05849849732161797,4.844586018029559e-15,0.058062507691581264,0.041039500033312935,3.4411953116914543e-15,0.05007435910959755,4.199575680521757e-15,300000000000000.0,50,52000000000000.0
154000.0,696690000000.0,2.4293991e+31,0.058651348120258635,4.8248712027490245e-15,0.057911554352514515,0.04114807285270574,3.4271399862994838e-15,0.05020685952204472,4.182420714253945e-15,300000000000000.0,50,52000000000000.0
155000.0,696181540000.0,2.3783741e+31,0.058804198918899306,4.80515638746849e-15,0.05776060101344776,0.04125664567209855,3.4130846609075133e-15,0.05033935993449189,4.165265747986132e-15,300000000000000.0,50,52000000000000.0
156000.0,695675930000.0,2.328255e+31,0.058955884765603685,4.785812861236039e-15,0.05761224199517546,0.041364387959817714,3.3992947106268916e-15,0.050470846656935554,4.148434718678739e-15,300000000000000.0,50,52000000000000.0
157000.0,695173110000.0,2.2790288e+31,0.05910730460032866,4.766554117329395e-15,0.057464475379377655,0.04147194059904789,3.3855653576605927e-15,0.050602101907439544,4.131677659042847e-15,300000000000000.0,50,52000000000000.0
158000.0,694673040000.0,2.2306818e+31,0.05925804640267574,4.747506706003056e-15,0.05731819972997963,0.04157900987623308,3.371987049131157e-15,0.05073276720103635,4.115104975211703e-15,300000000000000.0,50,52000000000000.0
159000.0,694175670000.0,2.1832002e+31,0.05940804733249177,4.7286902135955924e-15,0.05717355322999444,0.04168555099329883,3.3585737838620273e-15,0.050862787860422025,4.09873375516545e-15,300000000000000.0,50,52000000000000.0
160000.0,693680950000.0,2.1365713e+31,0.059557898483274196,4.709920071592254e-15,0.05702923191161003,0.041791985340948364,3.345193642447562e-15,0.05099267820511014,4.082402968252434e-15,300000000000000.0,50,52000000000000.0
161000.0,693188840000.0,2.0907757e+31,0.05970649222106393,4.691539046803542e-15,0.056887640531855736,0.041897523346513595,3.332091579774969e-15,0.05112147454224643,4.066411622353596e-15,300000000000000.0,50,52000000000000.0
162000.0,692699340000.0,2.0458261e+31,0.05985508595885366,4.6731580220148296e-15,0.05674604915210145,0.042003061352078826,3.3189895171023762e-15,0.05125027087938271,4.050420276454757e-15,300000000000000.0,50,52000000000000.0
163000.0,692212430000.0,2.0016909e+31,0.06000270392177737,4.65507273161723e-15,0.056606549591490064,0.042107903821698926,3.3060987912993175e-15,0.05137821830011847,4.034686901360384e-15,300000000000000.0,50,52000000000000.0
164000.0,691728050000.0,1.9583584e+31,0.06014990233969431,4.637114595434649e-15,0.05646794943124965,0.04221244723808147,3.293298932079779e-15,0.05150580072002318,4.019064443616596e-15,300000000000000.0,50,52000000000000.0
165000.0,691246160000.0,1.9158155e+31,0.06029674657057363,4.619262161171136e-15,0.05633009894252774,0.0423167382037546,3.280574604295961e-15,0.051633075019309325,4.0035341838206764e-15,300000000000000.0,50,52000000000000.0
166000.0,690766710000.0,1.8740501e+31,0.060442561247894135,4.601716982045142e-15,0.05619442760464378,0.04242029534379696,3.268069831860559e-15,0.0517594536712519,3.988271925716689e-15,300000000000000.0,50,52000000000000.0
167000.0,690289660000.0,1.8330498e+31,0.060588375925214634,4.584171802919149e-15,0.05605875626675982,0.04252385248383931,3.2555650594251573e-15,0.05188583232319447,3.973009667612701e-15,300000000000000.0,50,52000000000000.0
168000.0,689814990000.0,1.7928029e+31,0.0607331259606153,4.566939188539471e-15,0.05592530977788646,0.04262665083396922,3.243283623029218e-15,0.052011284860923435,3.958020025085374e-15,300000000000000.0,50,52000000000000.0
169000.0,689342640000.0,1.7532975e+31,0.06087756836470577,4.5497968906320595e-15,0.05579250616546139,0.04272922992959621,3.2310667202169676e-15,0.05213646979531684,3.9431091556041425e-15,300000000000000.0,50,52000000000000.0
170000.0,688872590000.0,1.7145222e+31,0.06102165917305672,4.532756031949805e-15,0.05566042797141714,0.04283155845140853,3.2189222946134055e-15,0.052261348901506195,3.928286755257473e-15,300000000000000.0,50,52000000000000.0
171000.0,688404800000.0,1.6764655e+31,0.06116474063023051,4.516006382146985e-15,0.05553043228809273,0.04293316763294911,3.206985934545579e-15,0.05238535004467423,3.913718329618328e-15,300000000000000.0,50,52000000000000.0
172000.0,687939240000.0,1.6391162e+31,0.06130782208740429,4.4992567323441635e-15,0.055400436604768316,0.043034776814489695,3.1950495744777526e-15,0.05250935118784226,3.8991499039791835e-15,300000000000000.0,50,52000000000000.0
173000.0,687475880000.0,1.6024631e+31,0.061449954680628194,4.482775944708026e-15,0.05527237369092473,0.043135709803877334,3.1833053038393183e-15,0.05263252703292595,3.884815951060597e-15,300000000000000.0,50,52000000000000.0
174000.0,687014690000.0,1.5664954e+31,0.06159168634458278,4.4664087610422424e-15,0.05514512744195262,0.043236357077672316,3.171642197918522e-15,0.0527553541597788,3.870581071330047e-15,300000000000000.0,50,52000000000000.0
175000.0,686555630000.0,1.5312021e+31,0.0617332719110747,4.450082528680132e-15,0.05501817497791537,0.04333690024374683,3.1600083470356088e-15,0.05287805422263258,3.856381901396648e-15,300000000000000.0,50,52000000000000.0
176000.0,686098690000.0,1.4965725e+31,0.06187366474689652,4.434090620234261e-15,0.05489362095595791,0.04343659348081558,3.1486133324767553e-15,0.05299971694283863,3.842474264043675e-15,300000000000000.0,50,52000000000000.0
177000.0,685643820000.0,1.4625961e+31,0.06201405758271834,4.41809871178839e-15,0.054769066934000445,0.04353628671788432,3.137218317917902e-15,0.05312137966304468,3.828566626690703e-15,300000000000000.0,50,52000000000000.0
178000.0,685191010000.0,1.4292625e+31,0.062153818071755025,4.402280003354609e-15,0.05464576828622419,0.04363552937703441,3.125947032589185e-15,0.05324249245202777,3.814810017549198e-15,300000000000000.0,50,52000000000000.0
179000.0,684740220000.0,1.3965614e+31,0.062292883083524,4.386651786394821e-15,0.054523850343190995,0.04373427647471866,3.1148118290259397e-15,0.053363000407281404,3.8012195145543945e-15,300000000000000.0,50,52000000000000.0
180000.0,684291440000.0,1.3644828e+31,0.062431948095292976,4.371023569435034e-15,0.05440193240015781,0.04383302357240292,3.1036766254626943e-15,0.053483508362535036,3.78762901155959e-15,300000000000000.0,50,52000000000000.0
181000.0,683844630000.0,1.3330165e+31,0.06256995451046865,4.35568175027567e-15,0.05428208903876973,0.043931016413309945,3.0927459990634075e-15,0.05360309574826953,3.774288221459237e-15,300000000000000.0,50,52000000000000.0
182000.0,683399770000.0,1.3021528e+31,0.06270770236072763,4.340409884509194e-15,0.054162752399237346,0.04402882502507626,3.081865341157961e-15,0.0537224582825521,3.761008424369963e-15,300000000000000.0,50,52000000000000.0
183000.0,682956840000.0,1.2718821e+31,0.06284533141150708,4.3251697283858155e-15,0.0540436455904043,0.04412654899646424,3.071007332048439e-15,0.05384171751360985,3.74775627295058e-15,300000000000000.0,50,52000000000000.0
184000.0,682515810000.0,1.2421947e+31,0.06298177275681258,4.310246591468478e-15,0.053926836528840234,0.04422342677020014,3.060375755739813e-15,0.0539599439640017,3.7347805109024784e-15,300000000000000.0,50,52000000000000.0
185000.0,682076660000.0,1.2130698e+31,0.06311821410211807,4.295323454551141e-15,0.053810027467276166,0.04432030454393604,3.0497441794311873e-15,0.05407817041439354,3.721804748854377e-15,300000000000000.0,50,52000000000000.0
186000.0,681639370000.0,1.1845163e+31,0.06325421831265675,4.280514921169666e-15,0.05369405325346867,0.04441687089309303,3.0391944551819223e-15,0.05419601677333755,3.708928897096819e-15,300000000000000.0,50,52000000000000.0
187000.0,681203920000.0,1.1565226e+31,0.06338936376703573,4.2659315277217184e-15,0.053579719107456715,0.04451282544516654,3.028805530222707e-15,0.05431311643836277,3.696249320227314e-15,300000000000000.0,50,52000000000000.0
188000.0,680770340000.0,1.1290797e+31,0.06352450922141471,4.251348134273772e-15,0.05346538496144476,0.044608779997240056,3.018416605263491e-15,0.05443021610338799,3.683569743357808e-15,300000000000000.0,50,52000000000000.0
189000.0,680338670000.0,1.1021815e+31,0.06365895762067902,4.2369460665506854e-15,0.053352364942992926,0.04470423798084995,3.0081571722863805e-15,0.054546709711672005,3.671048226209504e-15,300000000000000.0,50,52000000000000.0
190000.0,679908860000.0,1.0758125e+31,0.06379281762182384,4.22269705948705e-15,0.05324045420581438,0.04479927680111962,2.998007046073048e-15,0.05466269173537781,3.658660130423107e-15,300000000000000.0,50,52000000000000.0
191000.0,679480890000.0,1.0499631e+31,0.06392667762296866,4.208448052423414e-15,0.053128543468635825,0.044894315621389284,2.9878569198597162e-15,0.0547786737590836,3.6462720346367094e-15,300000000000000.0,50,52000000000000.0
192000.0,679054740000.0,1.0246253e+31,0.06405963866798829,4.194429423418735e-15,0.053018305840960574,0.044988714079976885,2.977871304633706e-15,0.05489387422976349,3.634084742514336e-15,300000000000000.0,50,52000000000000.0
193000.0,678630390000.0,9.9979055e+30,0.06419222378224913,4.1805071352654946e-15,0.05290876788405618,0.04508284474835061,2.9679544855797844e-15,0.055008747866003065,3.621981423649016e-15,300000000000000.0,50,52000000000000.0
194000.0,678207810000.0,9.7545052e+30,0.06432480889650997,4.166584847112255e-15,0.05279922992715178,0.04517697541672434,2.958037666525863e-15,0.055123621502242634,3.609878104783695e-15,300000000000000.0,50,52000000000000.0
195000.0,677786990000.0,9.5159706e+30,0.06445635052494085,4.152925916780442e-15,0.05269160924921014,0.04527036281214988,2.948308896585646e-15,0.05523758798575037,3.598004319618372e-15,300000000000000.0,50,52000000000000.0
196000.0,677367910000.0,9.28222e+30,0.06458767123179111,4.13932274324427e-15,0.052584394487943886,0.04536359284555878,2.938619939459593e-15,0.05535136241143652,3.586179130175528e-15,300000000000000.0,50,52000000000000.0
197000.0,676950550000.0,9.0531741e+30,0.06471899193864138,4.1257195697080974e-15,0.052477179726677634,0.045456822878967684,2.92893098233354e-15,0.05546513683712266,3.5743539407326856e-15,300000000000000.0,50,52000000000000.0
198000.0,676534890000.0,8.8287554e+30,0.06484918142477282,4.1123977468321775e-15,0.052372016857025715,0.04554924719237194,2.9194429079800682e-15,0.055577927896738655,3.562773948918855e-15,300000000000000.0,50,52000000000000.0
199000.0,676120930000.0,8.6088866e+30,0.06497924810713973,4.099106466996757e-15,0.05226707673790376,0.04564158403792127,2.9099766411839455e-15,0.055690612203487325,3.5512205754222047e-15,300000000000000.0,50,52000000000000.0
200000.0,675708650000.0,8.3934928e+30,0.06510931478950666,4.085815187161337e-15,0.0521621366187818,0.045733920883470607,2.900510374387823e-15,0.055803296510235995,3.539667201925554e-15,300000000000000.0,50,52000000000000.0
201000.0,675298030000.0,8.1824995e+30,0.06523821876889348,4.072808964199616e-15,0.05205927851188556,0.04582542963294864,2.8912476220841668e-15,0.055914970143673956,3.5283622374236316e-15,300000000000000.0,50,52000000000000.0
202000.0,674889050000.0,7.9758337e+30,0.06536704173319692,4.059822603495742e-15,0.05195656547591195,0.04591688068215979,2.8819990503097246e-15,0.056026573355186515,3.517074581620289e-15,300000000000000.0,50,52000000000000.0
203000.0,674481710000.0,7.7734232e+30,0.06549586469750036,4.046836242791869e-15,0.05185385243993834,0.04600833173137093,2.872750478535283e-15,0.056138176566699075,3.5057869258169462e-15,300000000000000.0,50,52000000000000.0
204000.0,674075990000.0,7.5751969e+30,0.06562354918609575,4.034125005239125e-15,0.05175315195272678,0.0460989719857382,2.863698315243966e-15,0.056248790222921584,3.4947390045740714e-15,300000000000000.0,50,52000000000000.0
205000.0,673671870000.0,7.3810852e+30,0.06575113867081801,4.021436726248217e-15,0.05165261940930697,0.04618954458064649,2.8546625419085165e-15,0.056359321302428086,3.48371108877497e-15,300000000000000.0,50,52000000000000.0
206000.0,673269350000.0,7.1910193e+30,0.06587872815554029,4.0087484472573095e-15,0.05155208686588716,0.046280117175554775,2.845626768573067e-15,0.056469852381934596,3.472683172975869e-15,300000000000000.0,50,52000000000000.0
207000.0,672868400000.0,7.0049318e+30,0.06600525855340081,3.996312335887282e-15,0.051453402581754175,0.04636993555715863,2.8367710036681318e-15,0.0565794629645996,3.4618749732032855e-15,300000000000000.0,50,52000000000000.0
208000.0,672469020000.0,6.8227561e+30,0.06613162472795528,3.9839153259374305e-15,0.05135500489097016,0.04645963698952367,2.8279431510909258e-15,0.056688930813896844,3.4511008428669054e-15,300000000000000.0,50,52000000000000.0
209000.0,672071180000.0,6.6444268e+30,0.06625799090250975,3.971518315987579e-15,0.05125660720018614,0.0465493384218887,2.8191152985137198e-15,0.05679839866319408,3.440326712530525e-15,300000000000000.0,50,52000000000000.0
210000.0,671674890000.0,6.4698793e+30,0.06638343198823397,3.959338300877659e-15,0.05115980326450819,0.046638381102841325,2.8104423360440735e-15,0.05690706252607283,3.4297416384645727e-15,300000000000000.0,50,52000000000000.0
211000.0,671280110000.0,6.2990501e+30,0.06650858494106274,3.947225872089709e-15,0.051063495727941735,0.04672721860571197,2.8018176164390175e-15,0.05701547597523225,3.419215448830931e-15,300000000000000.0,50,52000000000000.0
212000.0,670886840000.0,6.1318772e+30,0.06663373789389149,3.93511344330176e-15,0.05096718819137527,0.0468160561085826,2.7931928968339614e-15,0.05712388942439167,3.4086892591972894e-15,300000000000000.0,50,52000000000000.0
213000.0,670495060000.0,5.9682989e+30,0.06675815382945333,3.92317122529692e-15,0.050872134142966006,0.04690436881437228,2.78468966529954e-15,0.05723166237579043,3.398311355382996e-15,300000000000000.0,50,52000000000000.0
214000.0,670104760000.0,5.8082547e+30,0.06688210356564396,3.911336673914857e-15,0.05077787298695821,0.04699234956040994,2.7762632808956822e-15,0.05733903018111367,3.3880272495824556e-15,300000000000000.0,50,52000000000000.0
215000.0,669715930000.0,5.6516853e+30,0.0670060533018346,3.899502122532795e-15,0.050683611830950416,0.04708033030644761,2.767836896491825e-15,0.057446397986436915,3.3777431437819153e-15,300000000000000.0,50,52000000000000.0
216000.0,669328550000.0,5.498532e+30,0.06712950763355904,3.8877801835414106e-15,0.050590182440767115,0.04716795831681049,2.759490884273209e-15,0.057553335290275155,3.3675571382923433e-15,300000000000000.0,50,52000000000000.0
217000.0,668942600000.0,5.3487376e+30,0.067252264058446,3.876216888572848e-15,0.05049792481041992,0.04725508940666486,2.7512580973108272e-15,0.05765966612010995,3.357509332763525e-15,300000000000000.0,50,52000000000000.0
218000.0,668558080000.0,5.2022454e+30,0.06737502048333296,3.864653593604286e-15,0.05040566718007272,0.04734222049651924,2.7430253103484454e-15,0.05776599694994475,3.3474615272347064e-15,300000000000000.0,50,52000000000000.0
219000.0,668174960000.0,5.0589998e+30,0.06749757615141821,3.853135247330291e-15,0.05031374228778891,0.047429208652375626,2.7348246014450205e-15,0.057872153334233734,3.33745287526734e-15,300000000000000.0,50,52000000000000.0
220000.0,667793240000.0,4.9189461e+30,0.06761914906360653,3.8418369364138556e-15,0.050223446233438135,0.0475154971097501,2.726780922845596e-15,0.0579774557629537,3.327635889998564e-15,300000000000000.0,50,52000000000000.0
221000.0,667412890000.0,4.7820305e+30,0.06774072197579485,3.83053862549742e-15,0.05013315017908735,0.04760178556712458,2.7187372442461718e-15,0.058082758191673654,3.3178189047297885e-15,300000000000000.0,50,52000000000000.0
222000.0,667033850000.0,4.6546522e+30,0.06786229488798316,3.819240314580984e-15,0.05004285412473657,0.047688074024499046,2.7106935656467472e-15,0.05818806062039362,3.3080019194610125e-15,300000000000000.0,50,52000000000000.0
223000.0,666656030000.0,4.5307277e+30,0.06798284043732217,3.808165399486202e-15,0.04995423897656385,0.04777363106488331,2.7028093174212176e-15,0.058292470384180554,3.298379530206309e-15,300000000000000.0,50,52000000000000.0
224000.0,666279400000.0,4.4092914e+30,0.06810323954924696,3.797122326604214e-15,0.04986586342003528,0.047859083851144686,2.6949477939532677e-15,0.05839675291001586,3.288784878120739e-15,300000000000000.0,50,52000000000000.0
225000.0,665903970000.0,4.2903192e+30,0.06822363866117176,3.786079253722226e-15,0.04977748786350672,0.04794453663740606,2.687086270485318e-15,0.058501035435851154,3.2791902260351692e-15,300000000000000.0,50,52000000000000.0
226000.0,665529730000.0,4.173783e+30,0.06834341908367628,3.7751680615643125e-15,0.049690111380868644,0.048029548980916686,2.6793188622169257e-15,0.05860478042020684,3.269710447912038e-15,300000000000000.0,50,52000000000000.0
227000.0,665156670000.0,4.0596544e+30,0.06846265364066048,3.764373226883523e-15,0.049603616374414246,0.04811417272474639,2.6716344911570144e-15,0.058708051135325234,3.2603320223144602e-15,300000000000000.0,50,52000000000000.0
228000.0,664784800000.0,3.9479061e+30,0.06858188819764469,3.753578392202734e-15,0.049517121367959854,0.0481987964685761,2.663950120097103e-15,0.05881132185044364,3.2509535967168822e-15,300000000000000.0,50,52000000000000.0
229000.0,664414290000.0,3.838502e+30,0.06870096451072238,3.742817830411267e-15,0.04943087855044677,0.04828330756548424,2.656290201768769e-15,0.058914455085114455,3.2416050170756863e-15,300000000000000.0,50,52000000000000.0
230000.0,664045170000.0,3.7314106e+30,0.06881904355319922,3.732273260158948e-15,0.049346225055534376,0.048367108749033744,2.6487843872593466e-15,0.05901672190279906,3.2324445299526235e-15,300000000000000.0,50,52000000000000.0
231000.0,663677430000.0,3.6266012e+30,0.06893712259567605,3.721728689906629e-15,0.049261571560621976,0.048450909932583254,2.6412785727499242e-15,0.05911898872048366,3.2232840428295603e-15,300000000000000.0,50,52000000000000.0
232000.0,663311040000.0,3.5240458e+30,0.06905520163815289,3.711184119654311e-15,0.049176918065709584,0.04853471111613276,2.6337727582405015e-15,0.05922125553816827,3.2141235557064975e-15,300000000000000.0,50,52000000000000.0
233000.0,662946000000.0,3.4237141e+30,0.06917248838611413,3.700809065611548e-15,0.04909351117220989,0.048617948330214704,2.6263878790633922e-15,0.05932283405812863,3.2051106765444556e-15,300000000000000.0,50,52000000000000.0
234000.0,662582290000.0,3.3255757e+30,0.06928942171080708,3.690509628617282e-15,0.04901066035720986,0.048700933971266014,2.61905694618978e-15,0.05942410554525402,3.196163641695333e-15,300000000000000.0,50,52000000000000.0
235000.0,662219900000.0,3.2296025e+30,0.06940635503550004,3.680210191623016e-15,0.04892780954220984,0.04878391961231733,2.6117260133161676e-15,0.059525377032379416,3.1872166068462106e-15,300000000000000.0,50,52000000000000.0
236000.0,661858810000.0,3.1357663e+30,0.06952306771969569,3.6699573044220015e-15,0.04884530148107066,0.04886674820588383,2.60442828742471e-15,0.0596264568509486,3.1783101027435393e-15,300000000000000.0,50,52000000000000.0
237000.0,661499020000.0,3.0440384e+30,0.06963886511426215,3.6598975211322156e-15,0.048764215276109475,0.048948925314632734,2.5972683150588072e-15,0.05972674156506556,3.1695717335587287e-15,300000000000000.0,50,52000000000000.0
238000.0,661140500000.0,2.9543904e+30,0.0697546625088286,3.649837737842429e-15,0.04868312907114829,0.04903110242338164,2.5901083426929042e-15,0.059827026279182516,3.160833364373918e-15,300000000000000.0,50,52000000000000.0
239000.0,660783240000.0,2.8667948e+30,0.06987045990339505,3.639777954552643e-15,0.04860204286618709,0.049113279532130544,2.582948370327001e-15,0.05992731099329948,3.1520949951891075e-15,300000000000000.0,50,52000000000000.0
240000.0,660427240000.0,2.7812213e+30,0.06998553168770821,3.629868185603675e-15,0.04852206957336198,0.04919494019343596,2.575895408939758e-15,0.06002696541051094,3.1434872378610784e-15,300000000000000.0,50,52000000000000.0
241000.0,660072470000.0,2.6976472e+30,0.07010020288072472,3.620041235825239e-15,0.04844271069152904,0.04927631573700758,2.5689015256409287e-15,0.06012627185654433,3.1349515880767744e-15,300000000000000.0,50,52000000000000.0
242000.0,659718910000.0,2.6160422e+30,0.0702148740737412,3.610214286046803e-15,0.0483633518096961,0.0493576912805792,2.5619076423420995e-15,0.06022557830257772,3.1264159382924707e-15,300000000000000.0,50,52000000000000.0
243000.0,659366570000.0,2.5363787e+30,0.07032949957462453,3.600396659800915e-15,0.048284062115449514,0.04943903430485905,2.554920409381485e-15,0.060324845060604614,3.1178884055274755e-15,300000000000000.0,50,52000000000000.0
244000.0,659015410000.0,2.4586285e+30,0.07044305407000938,3.590797573463988e-15,0.04820639415081497,0.04951961508982378,2.5480890577137605e-15,0.06042318154748347,3.109551132479122e-15,300000000000000.0,50,52000000000000.0
245000.0,658665430000.0,2.3827636e+30,0.07055660856539422,3.58119848712706e-15,0.04812872618618043,0.04960019587478851,2.5412577060460365e-15,0.06052151803436233,3.1012138594307685e-15,300000000000000.0,50,52000000000000.0
246000.0,658316610000.0,2.3087545e+30,0.07067016306077907,3.571599400790133e-15,0.048051058221545886,0.04968077665975325,2.534426354378312e-15,0.06061985452124119,3.092876586382415e-15,300000000000000.0,50,52000000000000.0
247000.0,657968920000.0,2.2365726e+30,0.07078329316931266,3.562084812456311e-15,0.04797402469153247,0.04976105542265855,2.527655272977771e-15,0.060717822407512355,3.0846128756429277e-15,300000000000000.0,50,52000000000000.0
248000.0,657622360000.0,2.1661921e+30,0.07089574043909538,3.5527061814706438e-15,0.047898011967283625,0.04984084823185162,2.520981166480751e-15,0.060815197215138936,3.0764675267116508e-15,300000000000000.0,50,52000000000000.0
249000.0,657276900000.0,2.097583e+30,0.07100818770887812,3.543327550484977e-15,0.047821999243034784,0.0499206410410447,2.514307059983731e-15,0.060912572022765524,3.068322177780374e-15,300000000000000.0,50,52000000000000.0
250000.0,656932530000.0,2.030713e+30,0.07112063497866085,3.53394891949931e-15,0.04774598651878594,0.05000043385023777,2.5076329534867115e-15,0.06100994683039211,3.0601768288490974e-15,300000000000000.0,50,52000000000000.0
251000.0,656589220000.0,1.9655535e+30,0.07123234587856413,3.524713859657709e-15,0.04767106048052757,0.05007970263721436,2.5010612491518126e-15,0.06110668210015654,3.0521564656689313e-15,300000000000000.0,50,52000000000000.0
252000.0,656246960000.0,1.9020717e+30,0.07134369506568904,3.515549323501098e-15,0.047596668234076545,0.05015871401886092,2.494539845856657e-15,0.06120310322206748,3.044197496829507e-15,300000000000000.0,50,52000000000000.0
253000.0,655905730000.0,1.8402383e+30,0.07145504425281395,3.5063847873444862e-15,0.04752227598762552,0.05023772540050747,2.4880184425615012e-15,0.06129952434397842,3.0362385279900827e-15,300000000000000.0,50,52000000000000.0
254000.0,655565500000.0,1.7800219e+30,0.07156639343993886,3.4972202511878747e-15,0.04744788374117449,0.05031673678215402,2.481497039266346e-15,0.06139594546588936,3.0282795591506588e-15,300000000000000.0,50,52000000000000.0
255000.0,655226260000.0,1.7213908e+30,0.07167676018447042,3.488243083555788e-15,0.047374922570096394,0.05039504906629514,2.475109272813244e-15,0.06149151338259129,3.0204836988897862e-15,300000000000000.0,50,52000000000000.0
256000.0,654887990000.0,1.6643153e+30,0.07178702020218304,3.479286270544649e-15,0.04730211686267921,0.05047328540457094,2.4687360238852787e-15,0.061586988612068065,3.01270555779118e-15,300000000000000.0,50,52000000000000.0
257000.0,654550660000.0,1.6087658e+30,0.07189728021989567,3.4703294575335102e-15,0.04722931115526203,0.05055152174284674,2.4623627749573135e-15,0.061682463841544834,3.0049274166925742e-15,300000000000000.0,50,52000000000000.0
258000.0,654214250000.0,1.5547086e+30,0.07200745737195256,3.46138803721907e-15,0.04715662458166786,0.05062969911780033,2.45600050448925e-15,0.06177786711007282,2.997162675184705e-15,300000000000000.0,50,52000000000000.0
259000.0,653878740000.0,1.5021136e+30,0.07211663688208504,3.452631933721639e-15,0.04708537229222233,0.0507071666174537,2.4497704066537277e-15,0.06187240402137704,2.9895592549549136e-15,300000000000000.0,50,52000000000000.0
260000.0,653544110000.0,1.450954e+30,0.0722258163922175,3.4438758302242075e-15,0.0470141200027768,0.05078463411710706,2.4435403088182053e-15,0.06196694093268126,2.9819558347251222e-15,300000000000000.0,50,52000000000000.0
261000.0,653210340000.0,1.4011995e+30,0.07233499590234999,3.435119726726776e-15,0.04694286771333127,0.050862101616760434,2.437310210982683e-15,0.06206147784398547,2.9743524144953304e-15,300000000000000.0,50,52000000000000.0
262000.0,652877390000.0,1.3528191e+30,0.0724439676381698,3.4264011248793856e-15,0.04687191019961354,0.05093942128190088,2.43110686041569e-15,0.06215583433309475,2.9667816402091157e-15,300000000000000.0,50,52000000000000.0
263000.0,652545260000.0,1.3057866e+30,0.07255207495137188,3.417838544602148e-15,0.04680217906851749,0.05101612589749546,2.425014788974512e-15,0.06224944019512194,2.959346685850034e-15,300000000000000.0,50,52000000000000.0
264000.0,652213910000.0,1.2600684e+30,0.07266018226457396,3.409275964324911e-15,0.04673244793742144,0.051092830513090035,2.418922717533334e-15,0.06234304605714913,2.9519117314909526e-15,300000000000000.0,50,52000000000000.0
265000.0,651883330000.0,1.2156384e+30,0.07276828957777604,3.4007133840476735e-15,0.046662716806325395,0.051169535128684614,2.4128306460921555e-15,0.062436651919176314,2.944476777131871e-15,300000000000000.0,50,52000000000000.0
266000.0,651553500000.0,1.1724693e+30,0.072876128243485,3.3921979186657327e-15,0.04659336172318684,0.05124604860800162,2.4067721785356346e-15,0.0625300245125175,2.937082837416379e-15,300000000000000.0,50,52000000000000.0
267000.0,651224380000.0,1.1305323e+30,0.07298317127229699,3.383821990595895e-15,0.04652512035835075,0.05132199601066175,2.400813233554973e-15,0.06262270624821721,2.9298103682695347e-15,300000000000000.0,50,52000000000000.0
268000.0,650895970000.0,1.0898004e+30,0.073090214301109,3.375446062526058e-15,0.046456878993514666,0.05139794341332189,2.3948542885743117e-15,0.06271538798391692,2.9225378991226904e-15,300000000000000.0,50,52000000000000.0
269000.0,650568240000.0,1.0502466e+30,0.073197257329921,3.3670701344562205e-15,0.04638863762867858,0.051473890815982026,2.3888953435936506e-15,0.06280806971961662,2.9152654299758456e-15,300000000000000.0,50,52000000000000.0
270000.0,650241170000.0,1.0118464e+30,0.07330403434902524,3.3587394842524457e-15,0.046320763579662486,0.051549648969498714,2.3829686926162836e-15,0.06290052049017716,2.908032376696021e-15,300000000000000.0,50,52000000000000.0
271000.0,649914730000.0,9.7456907e+29,0.0734100206203386,3.3505434282815963e-15,0.046253981423779435,0.051624844555794164,2.3771380396834244e-15,0.0629922846873975,2.9009164921091558e-15,300000000000000.0,50,52000000000000.0
272000.0,649588910000.0,9.3839677e+29,0.07351600689165196,3.3423473723107468e-15,0.04618719926789639,0.05170004014208962,2.371307386750565e-15,0.06308404888461783,2.8938006075222905e-15,300000000000000.0,50,52000000000000.0
273000.0,649263690000.0,9.0329332e+29,0.0736219931629653,3.334151316339897e-15,0.04612041711201335,0.05177523572838507,2.3654767338177063e-15,0.06317581308183816,2.886684722935425e-15,300000000000000.0,50,52000000000000.0
274000.0,648939030000.0,8.6924019e+29,0.07372777916905662,3.3259882694598367e-15,0.04605390769339968,0.051850288846521646,2.3596696248276954e-15,0.0632674034071118,2.879597574478745e-15,300000000000000.0,50,52000000000000.0
275000.0,648614920000.0,8.3621649e+29,0.07383271580930022,3.317965220898482e-15,0.04598855500943851,0.051924737727999916,2.3539623705242474e-15,0.06335825630582737,2.8726323018391747e-15,300000000000000.0,50,52000000000000.0
276000.0,648291340000.0,8.0419339e+29,0.07393765244954381,3.3099421723371273e-15,0.045923202325477336,0.05199918660947819,2.3482551162208e-15,0.06344910920454293,2.8656670291996048e-15,300000000000000.0,50,52000000000000.0
277000.0,647968260000.0,7.7315176e+29,0.07404258908978742,3.3019191237757727e-15,0.045857849641516166,0.05207363549095646,2.3425478619173522e-15,0.0635399621032585,2.8587017565600345e-15,300000000000000.0,50,52000000000000.0
278000.0,647645670000.0,7.4306921e+29,0.07414745404456165,3.2939075069110104e-15,0.04579259322306425,0.052148033378451544,2.3368487615625145e-15,0.06363075276767066,2.8517464360724585e-15,300000000000000.0,50,52000000000000.0
279000.0,647323540000.0,7.1392582e+29,0.07425134774187166,3.286050776674501e-15,0.04572864109396481,0.05222174035484219,2.331260138038209e-15,0.06372070022728482,2.8449259560482997e-15,300000000000000.0,50,52000000000000.0
280000.0,647001850000.0,6.8570078e+29,0.07435524143918168,3.2781940464379915e-15,0.04566468896486537,0.052295447331232835,2.325671514513904e-15,0.063810647686899,2.838105476024141e-15,300000000000000.0,50,52000000000000.0
281000.0,646680580000.0,6.5844409e+29,0.07445913513649169,3.2703373162014824e-15,0.045600736835765925,0.05236915430762348,2.3200828909895983e-15,0.06390059514651315,2.8312849959999826e-15,300000000000000.0,50,52000000000000.0
282000.0,646359700000.0,6.3278284e+29,0.0745630288338017,3.262480585964973e-15,0.045536784706666486,0.05244286128401413,2.314494267465293e-15,0.06399054260612731,2.824464515975824e-15,300000000000000.0,50,52000000000000.0
283000.0,646039140000.0,6.0817809e+29,0.07466600545106858,3.254763716441129e-15,0.04547404665728775,0.052515915926043225,2.309005412146565e-15,0.06407969394242727,2.81776580640699e-15,300000000000000.0,50,52000000000000.0
284000.0,645718890000.0,5.845779e+29,0.0747688624502138,3.2470650894642343e-15,0.04541146696479053,0.05258888548170324,2.3035295699616873e-15,0.06416874143743641,2.8110829798063317e-15,300000000000000.0,50,52000000000000.0
285000.0,645398920000.0,5.6194586e+29,0.07487171944935903,3.23936646248734e-15,0.04534888727229332,0.05266185503736326,2.298053727776809e-15,0.06425778893244555,2.8044001532056735e-15,300000000000000.0,50,52000000000000.0
286000.0,645079210000.0,5.4024545e+29,0.07497457644850423,3.2316678355104454e-15,0.0452863075797961,0.052734824593023276,2.292577885591931e-15,0.06434683642745469,2.7977173266050153e-15,300000000000000.0,50,52000000000000.0
287000.0,644759730000.0,5.1944995e+29,0.0750767760935995,3.2240650874841116e-15,0.0452245854854033,0.05280732658907195,2.2871704438971113e-15,0.06443531330342432,2.791117985247419e-15,300000000000000.0,50,52000000000000.0
288000.0,644440450000.0,4.9951152e+29,0.07517860196344377,3.2165168567743034e-15,0.0451633510261696,0.052879562728066744,2.2818018951099126e-15,0.06452346572216314,2.784566114073785e-15,300000000000000.0,50,52000000000000.0
289000.0,644121370000.0,4.804062e+29,0.07528042783328805,3.2089686260644952e-15,0.0451021165669359,0.052951798867061535,2.2764333463227142e-15,0.06461161814090195,2.7780142429001512e-15,300000000000000.0,50,52000000000000.0
290000.0,643802450000.0,4.6211059e+29,0.07538225370313231,3.201420395354687e-15,0.0450408821077022,0.053024035006056326,2.271064797535516e-15,0.06469977055964077,2.7714623717265174e-15,300000000000000.0,50,52000000000000.0
291000.0,643483680000.0,4.4460064e+29,0.07548374455446791,3.1939197308847163e-15,0.044980078219496684,0.05309603286892025,2.265730182438411e-15,0.06478763218200703,2.764951917784725e-15,300000000000000.0,50,52000000000000.0
292000.0,643165030000.0,4.2784635e+29,0.07558454421871359,3.1865172018014184e-15,0.044920162655751654,0.053167539136898444,2.2604655769912177e-15,0.06487489385334583,2.7585269130202392e-15,300000000000000.0,50,52000000000000.0
293000.0,642846510000.0,4.1225233e+29,0.07568534388295928,3.17911467271812e-15,0.044860247092006623,0.05323904540487664,2.2552009715440243e-15,0.06496215552468462,2.752101908255754e-15,300000000000000.0,50,52000000000000.0
294000.0,642528280000.0,3.9817003e+29,0.07578614354720496,3.171712143634822e-15,0.0448003315282616,0.05331055167285483,2.249936366096831e-15,0.0650494171960234,2.7456769034912683e-15,300000000000000.0,50,52000000000000.0
295000.0,642210440000.0,3.8577998e+29,0.07588694321145065,3.1643096145515243e-15,0.04474041596451657,0.05338205794083302,2.244671760649637e-15,0.0651366788673622,2.739251898726783e-15,300000000000000.0,50,52000000000000.0
296000.0,641892950000.0,3.7456998e+29,0.07598677187694587,3.157048277293872e-15,0.04468172958245169,0.053452873644106454,2.2395078520982355e-15,0.06522309776300529,2.7329497968412558e-15,300000000000000.0,50,52000000000000.0
297000.0,641575760000.0,3.6463016e+29,0.0760865499933767,3.1497942903182686e-15,0.044623107190153895,0.0535236533973854,2.2343491857099837e-15,0.06530947278472694,2.726654093136507e-15,300000000000000.0,50,52000000000000.0
298000.0,641258850000.0,3.5606735e+29,0.07618632810980755,3.1425403033426655e-15,0.0445644847978561,0.053594433150664346,2.2291905193217316e-15,0.0653958478064486,2.7203583894317584e-15,300000000000000.0,50,52000000000000.0
299000.0,640942160000.0,3.4840028e+29,0.07628610622623838,3.135286316367062e-15,0.04450586240555831,0.05366521290394329,2.22403185293348e-15,0.06548222282817025,2.7140626857270096e-15,300000000000000.0,50,52000000000000.0
300000.0,640625660000.0,3.4188823e+29,0.07638536744955556,3.128103374538741e-15,0.044447884753503634,0.05373562506914401,2.2189238630858123e-15,0.06556814924060964,2.7078288341182175e-15,300000000000000.0,50,52000000000000.0
301000.0,640309300000.0,3.3706995e+29,0.07648412944666094,3.1209890496039437e-15,0.04439052980510014,0.05380568221006808,2.213864817704057e-15,0.06565364237679397,2.7016547205611396e-15,300000000000000.0,50,52000000000000.0
302000.0,639993030000.0,3.3317913e+29,0.07658289144376632,3.1138747246691468e-15,0.04433317485669665,0.05387573935099215,2.2088057723223013e-15,0.06573913551297829,2.6954806070040617e-15,300000000000000.0,50,52000000000000.0
303000.0,639676800000.0,3.3009704e+29,0.0766816534408717,3.1067603997343495e-15,0.04427581990829315,0.05394579649191622,2.203746726940546e-15,0.06582462864916261,2.689306493446984e-15,300000000000000.0,50,52000000000000.0
304000.0,639360590000.0,3.2784659e+29,0.07678041543797708,3.099646074799552e-15,0.04421846495988966,0.05401585363284029,2.19868768155879e-15,0.06591012178534693,2.6831323798899064e-15,300000000000000.0,50,52000000000000.0
